PRAGMA foreign_keys=OFF;
BEGIN TRANSACTION;
CREATE TABLE IF NOT EXISTS "django_migrations" ("id" integer NOT NULL PRIMARY KEY AUTOINCREMENT, "app" varchar(255) NOT NULL, "name" varchar(255) NOT NULL, "applied" datetime NOT NULL);
INSERT INTO django_migrations VALUES(1,'contenttypes','0001_initial','2025-01-22 12:47:18.390971');
INSERT INTO django_migrations VALUES(2,'contenttypes','0002_remove_content_type_name','2025-01-22 12:47:18.439371');
INSERT INTO django_migrations VALUES(3,'auth','0001_initial','2025-01-22 12:47:18.492695');
INSERT INTO django_migrations VALUES(4,'auth','0002_alter_permission_name_max_length','2025-01-22 12:47:18.522556');
INSERT INTO django_migrations VALUES(5,'auth','0003_alter_user_email_max_length','2025-01-22 12:47:18.536879');
INSERT INTO django_migrations VALUES(6,'auth','0004_alter_user_username_opts','2025-01-22 12:47:18.569806');
INSERT INTO django_migrations VALUES(7,'auth','0005_alter_user_last_login_null','2025-01-22 12:47:18.605208');
INSERT INTO django_migrations VALUES(8,'auth','0006_require_contenttypes_0002','2025-01-22 12:47:18.616827');
INSERT INTO django_migrations VALUES(9,'auth','0007_alter_validators_add_error_messages','2025-01-22 12:47:18.637413');
INSERT INTO django_migrations VALUES(10,'auth','0008_alter_user_username_max_length','2025-01-22 12:47:18.672385');
INSERT INTO django_migrations VALUES(11,'auth','0009_alter_user_last_name_max_length','2025-01-22 12:47:18.695308');
INSERT INTO django_migrations VALUES(12,'auth','0010_alter_group_name_max_length','2025-01-22 12:47:18.722329');
INSERT INTO django_migrations VALUES(13,'auth','0011_update_proxy_permissions','2025-01-22 12:47:18.755064');
INSERT INTO django_migrations VALUES(14,'auth','0012_alter_user_first_name_max_length','2025-01-22 12:47:18.772543');
INSERT INTO django_migrations VALUES(15,'userauth','0001_initial','2025-01-22 12:47:18.818604');
INSERT INTO django_migrations VALUES(16,'admin','0001_initial','2025-01-22 12:47:18.857580');
INSERT INTO django_migrations VALUES(17,'admin','0002_logentry_remove_auto_add','2025-01-22 12:47:18.897593');
INSERT INTO django_migrations VALUES(18,'admin','0003_logentry_add_action_flag_choices','2025-01-22 12:47:18.939304');
INSERT INTO django_migrations VALUES(19,'sessions','0001_initial','2025-01-22 12:47:18.974652');
INSERT INTO django_migrations VALUES(20,'ecommerce_app','0001_initial','2025-01-22 12:51:05.742471');
INSERT INTO django_migrations VALUES(21,'ecommerce_app','0002_alter_contact_created_at_alter_contact_updated_at_and_more','2025-01-28 21:12:29.788605');
INSERT INTO django_migrations VALUES(22,'ipn','0001_initial','2025-01-28 21:12:29.814539');
INSERT INTO django_migrations VALUES(23,'ipn','0002_paypalipn_mp_id','2025-01-28 21:12:29.841463');
INSERT INTO django_migrations VALUES(24,'ipn','0003_auto_20141117_1647','2025-01-28 21:12:29.974108');
INSERT INTO django_migrations VALUES(25,'ipn','0004_auto_20150612_1826','2025-01-28 21:12:30.946555');
INSERT INTO django_migrations VALUES(26,'ipn','0005_auto_20151217_0948','2025-01-28 21:12:31.023349');
INSERT INTO django_migrations VALUES(27,'ipn','0006_auto_20160108_1112','2025-01-28 21:12:31.098149');
INSERT INTO django_migrations VALUES(28,'ipn','0007_auto_20160219_1135','2025-01-28 21:12:31.143031');
INSERT INTO django_migrations VALUES(29,'ipn','0008_auto_20181128_1032','2025-01-28 21:12:31.181932');
INSERT INTO django_migrations VALUES(30,'ipn','0009_alter_paypalipn_id','2025-01-28 21:12:31.240003');
INSERT INTO django_migrations VALUES(31,'ecommerce_app','0003_alter_contact_created_at_alter_contact_updated_at_and_more','2025-01-28 21:32:32.572151');
INSERT INTO django_migrations VALUES(32,'ecommerce_app','0004_cartorderproduct_item_alter_contact_created_at_and_more','2025-01-28 21:41:41.332189');
INSERT INTO django_migrations VALUES(33,'ecommerce_app','0005_alter_cartorderitem_options_and_more','2025-01-30 15:46:54.971136');
INSERT INTO django_migrations VALUES(34,'ecommerce_app','0006_alter_contact_created_at_alter_contact_updated_at_and_more','2025-01-30 20:02:38.967709');
INSERT INTO django_migrations VALUES(35,'ecommerce_app','0007_alter_contact_created_at_alter_contact_updated_at_and_more','2025-01-30 20:05:32.438893');
INSERT INTO django_migrations VALUES(36,'ecommerce_app','0008_cartorder_address_cartorder_city_cartorder_country_and_more','2025-02-07 22:13:32.993187');
INSERT INTO django_migrations VALUES(37,'ecommerce_app','0009_cartorder_oid_cartorder_sku_alter_contact_created_at_and_more','2025-02-07 23:53:07.235705');
INSERT INTO django_migrations VALUES(38,'ecommerce_app','0010_alter_cartorder_oid_alter_cartorder_sku_and_more','2025-02-07 23:53:07.390312');
INSERT INTO django_migrations VALUES(39,'ecommerce_app','0011_coupon_alter_contact_created_at_and_more','2025-02-08 02:48:02.400420');
INSERT INTO django_migrations VALUES(40,'ecommerce_app','0012_cartorder_coupons_alter_contact_created_at_and_more','2025-02-08 02:59:41.954895');
INSERT INTO django_migrations VALUES(41,'ecommerce_app','0013_cartorder_usd_price_alter_contact_created_at_and_more','2025-02-08 04:25:21.814786');
INSERT INTO django_migrations VALUES(42,'ecommerce_app','0014_alter_cartorder_order_date_alter_contact_created_at_and_more','2025-02-08 22:06:14.945623');
INSERT INTO django_migrations VALUES(43,'ecommerce_app','0015_alter_cartorder_order_date_and_more','2025-02-28 00:19:05.500189');
INSERT INTO django_migrations VALUES(44,'ecommerce_app','0016_remove_review_email_remove_review_name_and_more','2025-02-28 01:11:34.442127');
INSERT INTO django_migrations VALUES(45,'ecommerce_app','0017_alter_cartorder_order_date_alter_contact_created_at_and_more','2025-02-28 01:16:35.738141');
INSERT INTO django_migrations VALUES(46,'ecommerce_app','0018_alter_cartorder_order_date_alter_contact_created_at_and_more','2025-02-28 01:18:07.365173');
INSERT INTO django_migrations VALUES(47,'ecommerce_app','0019_alter_review_options_alter_cartorder_order_date_and_more','2025-02-28 01:20:00.010889');
INSERT INTO django_migrations VALUES(48,'ecommerce_app','0020_alter_cartorder_order_date_alter_cartorder_user_and_more','2025-03-03 22:46:03.183058');
CREATE TABLE IF NOT EXISTS "django_content_type" ("id" integer NOT NULL PRIMARY KEY AUTOINCREMENT, "app_label" varchar(100) NOT NULL, "model" varchar(100) NOT NULL);
INSERT INTO django_content_type VALUES(1,'admin','logentry');
INSERT INTO django_content_type VALUES(2,'auth','permission');
INSERT INTO django_content_type VALUES(3,'auth','group');
INSERT INTO django_content_type VALUES(4,'contenttypes','contenttype');
INSERT INTO django_content_type VALUES(5,'sessions','session');
INSERT INTO django_content_type VALUES(6,'ecommerce_app','category');
INSERT INTO django_content_type VALUES(7,'ecommerce_app','blog');
INSERT INTO django_content_type VALUES(8,'ecommerce_app','product');
INSERT INTO django_content_type VALUES(9,'ecommerce_app','contact');
INSERT INTO django_content_type VALUES(10,'ecommerce_app','review');
INSERT INTO django_content_type VALUES(11,'userauth','user');
INSERT INTO django_content_type VALUES(12,'ecommerce_app','address');
INSERT INTO django_content_type VALUES(13,'ecommerce_app','cartorder');
INSERT INTO django_content_type VALUES(14,'ecommerce_app','cartorderitem');
INSERT INTO django_content_type VALUES(15,'ecommerce_app','seller');
INSERT INTO django_content_type VALUES(16,'ecommerce_app','wishlist');
INSERT INTO django_content_type VALUES(17,'ipn','paypalipn');
INSERT INTO django_content_type VALUES(18,'ecommerce_app','cartorderproduct');
INSERT INTO django_content_type VALUES(19,'ecommerce_app','coupon');
CREATE TABLE IF NOT EXISTS "auth_group_permissions" ("id" integer NOT NULL PRIMARY KEY AUTOINCREMENT, "group_id" integer NOT NULL REFERENCES "auth_group" ("id") DEFERRABLE INITIALLY DEFERRED, "permission_id" integer NOT NULL REFERENCES "auth_permission" ("id") DEFERRABLE INITIALLY DEFERRED);
CREATE TABLE IF NOT EXISTS "auth_permission" ("id" integer NOT NULL PRIMARY KEY AUTOINCREMENT, "content_type_id" integer NOT NULL REFERENCES "django_content_type" ("id") DEFERRABLE INITIALLY DEFERRED, "codename" varchar(100) NOT NULL, "name" varchar(255) NOT NULL);
INSERT INTO auth_permission VALUES(1,1,'add_logentry','Can add log entry');
INSERT INTO auth_permission VALUES(2,1,'change_logentry','Can change log entry');
INSERT INTO auth_permission VALUES(3,1,'delete_logentry','Can delete log entry');
INSERT INTO auth_permission VALUES(4,1,'view_logentry','Can view log entry');
INSERT INTO auth_permission VALUES(5,2,'add_permission','Can add permission');
INSERT INTO auth_permission VALUES(6,2,'change_permission','Can change permission');
INSERT INTO auth_permission VALUES(7,2,'delete_permission','Can delete permission');
INSERT INTO auth_permission VALUES(8,2,'view_permission','Can view permission');
INSERT INTO auth_permission VALUES(9,3,'add_group','Can add group');
INSERT INTO auth_permission VALUES(10,3,'change_group','Can change group');
INSERT INTO auth_permission VALUES(11,3,'delete_group','Can delete group');
INSERT INTO auth_permission VALUES(12,3,'view_group','Can view group');
INSERT INTO auth_permission VALUES(13,4,'add_contenttype','Can add content type');
INSERT INTO auth_permission VALUES(14,4,'change_contenttype','Can change content type');
INSERT INTO auth_permission VALUES(15,4,'delete_contenttype','Can delete content type');
INSERT INTO auth_permission VALUES(16,4,'view_contenttype','Can view content type');
INSERT INTO auth_permission VALUES(17,5,'add_session','Can add session');
INSERT INTO auth_permission VALUES(18,5,'change_session','Can change session');
INSERT INTO auth_permission VALUES(19,5,'delete_session','Can delete session');
INSERT INTO auth_permission VALUES(20,5,'view_session','Can view session');
INSERT INTO auth_permission VALUES(21,6,'add_category','Can add category');
INSERT INTO auth_permission VALUES(22,6,'change_category','Can change category');
INSERT INTO auth_permission VALUES(23,6,'delete_category','Can delete category');
INSERT INTO auth_permission VALUES(24,6,'view_category','Can view category');
INSERT INTO auth_permission VALUES(25,7,'add_blog','Can add blog');
INSERT INTO auth_permission VALUES(26,7,'change_blog','Can change blog');
INSERT INTO auth_permission VALUES(27,7,'delete_blog','Can delete blog');
INSERT INTO auth_permission VALUES(28,7,'view_blog','Can view blog');
INSERT INTO auth_permission VALUES(29,8,'add_product','Can add product');
INSERT INTO auth_permission VALUES(30,8,'change_product','Can change product');
INSERT INTO auth_permission VALUES(31,8,'delete_product','Can delete product');
INSERT INTO auth_permission VALUES(32,8,'view_product','Can view product');
INSERT INTO auth_permission VALUES(33,9,'add_contact','Can add contact');
INSERT INTO auth_permission VALUES(34,9,'change_contact','Can change contact');
INSERT INTO auth_permission VALUES(35,9,'delete_contact','Can delete contact');
INSERT INTO auth_permission VALUES(36,9,'view_contact','Can view contact');
INSERT INTO auth_permission VALUES(37,10,'add_review','Can add review');
INSERT INTO auth_permission VALUES(38,10,'change_review','Can change review');
INSERT INTO auth_permission VALUES(39,10,'delete_review','Can delete review');
INSERT INTO auth_permission VALUES(40,10,'view_review','Can view review');
INSERT INTO auth_permission VALUES(41,11,'add_user','Can add user');
INSERT INTO auth_permission VALUES(42,11,'change_user','Can change user');
INSERT INTO auth_permission VALUES(43,11,'delete_user','Can delete user');
INSERT INTO auth_permission VALUES(44,11,'view_user','Can view user');
INSERT INTO auth_permission VALUES(45,12,'add_address','Can add address');
INSERT INTO auth_permission VALUES(46,12,'change_address','Can change address');
INSERT INTO auth_permission VALUES(47,12,'delete_address','Can delete address');
INSERT INTO auth_permission VALUES(48,12,'view_address','Can view address');
INSERT INTO auth_permission VALUES(49,13,'add_cartorder','Can add cartorder');
INSERT INTO auth_permission VALUES(50,13,'change_cartorder','Can change cartorder');
INSERT INTO auth_permission VALUES(51,13,'delete_cartorder','Can delete cartorder');
INSERT INTO auth_permission VALUES(52,13,'view_cartorder','Can view cartorder');
INSERT INTO auth_permission VALUES(53,14,'add_cartorderitem','Can add cartorder item');
INSERT INTO auth_permission VALUES(54,14,'change_cartorderitem','Can change cartorder item');
INSERT INTO auth_permission VALUES(55,14,'delete_cartorderitem','Can delete cartorder item');
INSERT INTO auth_permission VALUES(56,14,'view_cartorderitem','Can view cartorder item');
INSERT INTO auth_permission VALUES(57,15,'add_seller','Can add seller');
INSERT INTO auth_permission VALUES(58,15,'change_seller','Can change seller');
INSERT INTO auth_permission VALUES(59,15,'delete_seller','Can delete seller');
INSERT INTO auth_permission VALUES(60,15,'view_seller','Can view seller');
INSERT INTO auth_permission VALUES(61,16,'add_wishlist','Can add wishlist');
INSERT INTO auth_permission VALUES(62,16,'change_wishlist','Can change wishlist');
INSERT INTO auth_permission VALUES(63,16,'delete_wishlist','Can delete wishlist');
INSERT INTO auth_permission VALUES(64,16,'view_wishlist','Can view wishlist');
INSERT INTO auth_permission VALUES(65,17,'add_paypalipn','Can add PayPal IPN');
INSERT INTO auth_permission VALUES(66,17,'change_paypalipn','Can change PayPal IPN');
INSERT INTO auth_permission VALUES(67,17,'delete_paypalipn','Can delete PayPal IPN');
INSERT INTO auth_permission VALUES(68,17,'view_paypalipn','Can view PayPal IPN');
INSERT INTO auth_permission VALUES(69,18,'add_cartorderproduct','Can add cart order product');
INSERT INTO auth_permission VALUES(70,18,'change_cartorderproduct','Can change cart order product');
INSERT INTO auth_permission VALUES(71,18,'delete_cartorderproduct','Can delete cart order product');
INSERT INTO auth_permission VALUES(72,18,'view_cartorderproduct','Can view cart order product');
INSERT INTO auth_permission VALUES(73,19,'add_coupon','Can add coupon');
INSERT INTO auth_permission VALUES(74,19,'change_coupon','Can change coupon');
INSERT INTO auth_permission VALUES(75,19,'delete_coupon','Can delete coupon');
INSERT INTO auth_permission VALUES(76,19,'view_coupon','Can view coupon');
CREATE TABLE IF NOT EXISTS "auth_group" ("id" integer NOT NULL PRIMARY KEY AUTOINCREMENT, "name" varchar(150) NOT NULL UNIQUE);
CREATE TABLE IF NOT EXISTS "userauth_user" ("id" integer NOT NULL PRIMARY KEY AUTOINCREMENT, "password" varchar(128) NOT NULL, "last_login" datetime NULL, "is_superuser" bool NOT NULL, "first_name" varchar(150) NOT NULL, "last_name" varchar(150) NOT NULL, "is_staff" bool NOT NULL, "is_active" bool NOT NULL, "date_joined" datetime NOT NULL, "email" varchar(254) NOT NULL UNIQUE, "username" varchar(100) NOT NULL);
INSERT INTO userauth_user VALUES(1,'pbkdf2_sha256$870000$0ke3L7sL0isMDDWLyKJDsz$KAeJj09IcC+Yh0vkyIflhAb1slrplmCbABufmTDiXxE=','2025-03-06 09:52:48.889298',1,'','',1,1,'2025-01-22 12:59:41.489654','olaleyeolayinka897@gmail.com','Olayinka');
INSERT INTO userauth_user VALUES(6,'pbkdf2_sha256$870000$VyOfK3WXb9CUs0kTa0EjN1$9+nIo5Qzl7t/M8IiCL34BHY/78oC+ynhnMrsbYpXCOc=','2025-01-30 11:32:24.345505',0,'','',0,1,'2025-01-27 17:02:14.492335','df2wa@sicr.com','VvZC3Ho1cn');
INSERT INTO userauth_user VALUES(8,'pbkdf2_sha256$870000$AT6RPdFI8JQ209cv3lFoGH$UkG7vYd2HkQHZjdp51VDXtREgY+RMd6y26u5OA5QXaQ=','2025-03-03 21:51:26.797097',0,'','',0,1,'2025-02-07 21:25:34.319080','oyiye@gmail.com','Oyiye');
CREATE TABLE IF NOT EXISTS "userauth_user_groups" ("id" integer NOT NULL PRIMARY KEY AUTOINCREMENT, "user_id" bigint NOT NULL REFERENCES "userauth_user" ("id") DEFERRABLE INITIALLY DEFERRED, "group_id" integer NOT NULL REFERENCES "auth_group" ("id") DEFERRABLE INITIALLY DEFERRED);
CREATE TABLE IF NOT EXISTS "userauth_user_user_permissions" ("id" integer NOT NULL PRIMARY KEY AUTOINCREMENT, "user_id" bigint NOT NULL REFERENCES "userauth_user" ("id") DEFERRABLE INITIALLY DEFERRED, "permission_id" integer NOT NULL REFERENCES "auth_permission" ("id") DEFERRABLE INITIALLY DEFERRED);
CREATE TABLE IF NOT EXISTS "django_admin_log" ("id" integer NOT NULL PRIMARY KEY AUTOINCREMENT, "object_id" text NULL, "object_repr" varchar(200) NOT NULL, "action_flag" smallint unsigned NOT NULL CHECK ("action_flag" >= 0), "change_message" text NOT NULL, "content_type_id" integer NULL REFERENCES "django_content_type" ("id") DEFERRABLE INITIALLY DEFERRED, "user_id" bigint NOT NULL REFERENCES "userauth_user" ("id") DEFERRABLE INITIALLY DEFERRED, "action_time" datetime NOT NULL);
INSERT INTO django_admin_log VALUES(1,'1','Women',1,'[{"added": {}}]',6,1,'2025-01-22 13:54:04.439513');
INSERT INTO django_admin_log VALUES(2,'2','Men',1,'[{"added": {}}]',6,1,'2025-01-22 13:54:07.773646');
INSERT INTO django_admin_log VALUES(3,'3','Watches',1,'[{"added": {}}]',6,1,'2025-01-22 13:54:16.685322');
INSERT INTO django_admin_log VALUES(4,'4','Bags',1,'[{"added": {}}]',6,1,'2025-01-22 13:54:22.222893');
INSERT INTO django_admin_log VALUES(5,'5','Shoes',1,'[{"added": {}}]',6,1,'2025-01-22 14:22:29.814940');
INSERT INTO django_admin_log VALUES(6,'1','Esprit Ruffle Shirt',1,'[{"added": {}}]',8,1,'2025-01-22 14:26:08.577063');
INSERT INTO django_admin_log VALUES(7,'2','Herschel supply',1,'[{"added": {}}]',8,1,'2025-01-22 15:51:32.159437');
INSERT INTO django_admin_log VALUES(8,'3','Only Check Trouser',1,'[{"added": {}}]',8,1,'2025-01-22 15:57:39.840825');
INSERT INTO django_admin_log VALUES(9,'4','Classic Trench Coat',1,'[{"added": {}}]',8,1,'2025-01-22 16:01:26.929413');
INSERT INTO django_admin_log VALUES(10,'5','Front Pocket Jumper',1,'[{"added": {}}]',8,1,'2025-01-22 16:04:40.174098');
INSERT INTO django_admin_log VALUES(11,'6','Vintage Inspired Classic',1,'[{"added": {}}]',8,1,'2025-01-22 16:07:23.353890');
INSERT INTO django_admin_log VALUES(12,'7','Shirt in Stretch Cotton',1,'[{"added": {}}]',8,1,'2025-01-22 16:09:09.302860');
INSERT INTO django_admin_log VALUES(13,'8','Pieces Metallic Printed',1,'[{"added": {}}]',8,1,'2025-01-22 16:13:54.470220');
INSERT INTO django_admin_log VALUES(14,'9','Converse All Star Hi Plimsolls',1,'[{"added": {}}]',8,1,'2025-01-22 16:16:03.793005');
INSERT INTO django_admin_log VALUES(15,'10','Herschel supply Shirt',1,'[{"added": {}}]',8,1,'2025-01-22 16:19:17.764156');
INSERT INTO django_admin_log VALUES(16,'11','Herschel supply Belt',1,'[{"added": {}}]',8,1,'2025-01-22 16:24:05.996928');
INSERT INTO django_admin_log VALUES(17,'12','T-Shirt with Sleeve',1,'[{"added": {}}]',8,1,'2025-01-22 16:27:20.218311');
INSERT INTO django_admin_log VALUES(18,'13','Pretty Little Thing',1,'[{"added": {}}]',8,1,'2025-01-22 16:31:23.325235');
INSERT INTO django_admin_log VALUES(19,'14','Mini Silver Mesh Watch',1,'[{"added": {}}]',8,1,'2025-01-22 16:33:43.666607');
INSERT INTO django_admin_log VALUES(20,'15','Square Neck Back',1,'[{"added": {}}]',8,1,'2025-01-22 16:37:41.084492');
INSERT INTO django_admin_log VALUES(21,'16','Femme T-Shirt In Stripe',1,'[{"added": {}}]',8,1,'2025-01-22 16:41:05.281492');
INSERT INTO django_admin_log VALUES(22,'17','Original Nike Air Jordans',1,'[{"added": {}}]',8,1,'2025-01-22 16:42:33.330960');
INSERT INTO django_admin_log VALUES(23,'18','Versace Men Leather',1,'[{"added": {}}]',8,1,'2025-01-22 16:44:47.460169');
INSERT INTO django_admin_log VALUES(24,'19','Naked Wolfe',1,'[{"added": {}}]',8,1,'2025-01-22 16:49:30.654942');
INSERT INTO django_admin_log VALUES(25,'20','Hugo Canvas',1,'[{"added": {}}]',8,1,'2025-01-22 16:50:38.456973');
INSERT INTO django_admin_log VALUES(26,'21','Nebula Men Watch-Silver',1,'[{"added": {}}]',8,1,'2025-01-22 16:53:05.675404');
INSERT INTO django_admin_log VALUES(27,'22','Naviforce Tolures Black Watch',1,'[{"added": {}}]',8,1,'2025-01-22 16:55:58.287171');
INSERT INTO django_admin_log VALUES(28,'23','Herschel supply Bag',1,'[{"added": {}}]',8,1,'2025-01-22 19:09:01.452464');
INSERT INTO django_admin_log VALUES(29,'24','Original Gold Watch',1,'[{"added": {}}]',8,1,'2025-01-22 19:32:47.775271');
INSERT INTO django_admin_log VALUES(30,'1','Esprit Ruffle Shirt',2,'[{"changed": {"fields": ["Image two", "Image three"]}}]',8,1,'2025-01-22 20:25:03.401867');
INSERT INTO django_admin_log VALUES(31,'2','Skellewu',3,'',11,1,'2025-01-25 19:24:10.457590');
INSERT INTO django_admin_log VALUES(32,'3','CJF7hVzwRH',3,'',11,1,'2025-01-25 19:56:45.651033');
INSERT INTO django_admin_log VALUES(33,'4','wgGgi0XrXW',3,'',11,1,'2025-01-27 12:40:58.383710');
INSERT INTO django_admin_log VALUES(34,'5','g4N8NvdFrG',2,'[{"changed": {"fields": ["Password", "User permissions"]}}]',11,1,'2025-01-27 16:57:44.860954');
INSERT INTO django_admin_log VALUES(35,'5','g4N8NvdFrG',3,'',11,1,'2025-01-27 17:01:17.043483');
INSERT INTO django_admin_log VALUES(36,'52','CartOrderProduct object (52)',3,'',18,1,'2025-01-28 22:25:37.942923');
INSERT INTO django_admin_log VALUES(37,'51','CartOrderProduct object (51)',3,'',18,1,'2025-01-28 22:25:37.942923');
INSERT INTO django_admin_log VALUES(38,'50','CartOrderProduct object (50)',3,'',18,1,'2025-01-28 22:25:37.942923');
INSERT INTO django_admin_log VALUES(39,'49','CartOrderProduct object (49)',3,'',18,1,'2025-01-28 22:25:37.943922');
INSERT INTO django_admin_log VALUES(40,'48','CartOrderProduct object (48)',3,'',18,1,'2025-01-28 22:25:37.943922');
INSERT INTO django_admin_log VALUES(41,'47','CartOrderProduct object (47)',3,'',18,1,'2025-01-28 22:25:37.943922');
INSERT INTO django_admin_log VALUES(42,'46','CartOrderProduct object (46)',3,'',18,1,'2025-01-28 22:25:37.943922');
INSERT INTO django_admin_log VALUES(43,'45','CartOrderProduct object (45)',3,'',18,1,'2025-01-28 22:25:37.943922');
INSERT INTO django_admin_log VALUES(44,'44','CartOrderProduct object (44)',3,'',18,1,'2025-01-28 22:25:37.943922');
INSERT INTO django_admin_log VALUES(45,'43','CartOrderProduct object (43)',3,'',18,1,'2025-01-28 22:25:37.943922');
INSERT INTO django_admin_log VALUES(46,'42','CartOrderProduct object (42)',3,'',18,1,'2025-01-28 22:25:37.943922');
INSERT INTO django_admin_log VALUES(47,'41','CartOrderProduct object (41)',3,'',18,1,'2025-01-28 22:25:37.943922');
INSERT INTO django_admin_log VALUES(48,'40','CartOrderProduct object (40)',3,'',18,1,'2025-01-28 22:25:37.943922');
INSERT INTO django_admin_log VALUES(49,'39','CartOrderProduct object (39)',3,'',18,1,'2025-01-28 22:25:37.943922');
INSERT INTO django_admin_log VALUES(50,'38','CartOrderProduct object (38)',3,'',18,1,'2025-01-28 22:25:37.944938');
INSERT INTO django_admin_log VALUES(51,'37','CartOrderProduct object (37)',3,'',18,1,'2025-01-28 22:25:37.944938');
INSERT INTO django_admin_log VALUES(52,'36','CartOrderProduct object (36)',3,'',18,1,'2025-01-28 22:25:37.944938');
INSERT INTO django_admin_log VALUES(53,'35','CartOrderProduct object (35)',3,'',18,1,'2025-01-28 22:25:37.944938');
INSERT INTO django_admin_log VALUES(54,'34','CartOrderProduct object (34)',3,'',18,1,'2025-01-28 22:25:37.944938');
INSERT INTO django_admin_log VALUES(55,'33','CartOrderProduct object (33)',3,'',18,1,'2025-01-28 22:25:37.944938');
INSERT INTO django_admin_log VALUES(56,'32','CartOrderProduct object (32)',3,'',18,1,'2025-01-28 22:25:37.944938');
INSERT INTO django_admin_log VALUES(57,'31','CartOrderProduct object (31)',3,'',18,1,'2025-01-28 22:25:37.944938');
INSERT INTO django_admin_log VALUES(58,'30','CartOrderProduct object (30)',3,'',18,1,'2025-01-28 22:25:37.944938');
INSERT INTO django_admin_log VALUES(59,'29','CartOrderProduct object (29)',3,'',18,1,'2025-01-28 22:25:37.944938');
INSERT INTO django_admin_log VALUES(60,'28','CartOrderProduct object (28)',3,'',18,1,'2025-01-28 22:25:37.944938');
INSERT INTO django_admin_log VALUES(61,'27','CartOrderProduct object (27)',3,'',18,1,'2025-01-28 22:25:37.945917');
INSERT INTO django_admin_log VALUES(62,'26','CartOrderProduct object (26)',3,'',18,1,'2025-01-28 22:25:37.945917');
INSERT INTO django_admin_log VALUES(63,'25','CartOrderProduct object (25)',3,'',18,1,'2025-01-28 22:25:37.945917');
INSERT INTO django_admin_log VALUES(64,'24','CartOrderProduct object (24)',3,'',18,1,'2025-01-28 22:25:37.946347');
INSERT INTO django_admin_log VALUES(65,'23','CartOrderProduct object (23)',3,'',18,1,'2025-01-28 22:25:37.946347');
INSERT INTO django_admin_log VALUES(66,'22','CartOrderProduct object (22)',3,'',18,1,'2025-01-28 22:25:37.946347');
INSERT INTO django_admin_log VALUES(67,'21','CartOrderProduct object (21)',3,'',18,1,'2025-01-28 22:25:37.946347');
INSERT INTO django_admin_log VALUES(68,'20','CartOrderProduct object (20)',3,'',18,1,'2025-01-28 22:25:37.946347');
INSERT INTO django_admin_log VALUES(69,'19','CartOrderProduct object (19)',3,'',18,1,'2025-01-28 22:25:37.946930');
INSERT INTO django_admin_log VALUES(70,'18','CartOrderProduct object (18)',3,'',18,1,'2025-01-28 22:25:37.946930');
INSERT INTO django_admin_log VALUES(71,'17','CartOrderProduct object (17)',3,'',18,1,'2025-01-28 22:25:37.946930');
INSERT INTO django_admin_log VALUES(72,'16','CartOrderProduct object (16)',3,'',18,1,'2025-01-28 22:25:37.946930');
INSERT INTO django_admin_log VALUES(73,'15','CartOrderProduct object (15)',3,'',18,1,'2025-01-28 22:25:37.946930');
INSERT INTO django_admin_log VALUES(74,'14','CartOrderProduct object (14)',3,'',18,1,'2025-01-28 22:25:37.946930');
INSERT INTO django_admin_log VALUES(75,'13','CartOrderProduct object (13)',3,'',18,1,'2025-01-28 22:25:37.946930');
INSERT INTO django_admin_log VALUES(76,'12','CartOrderProduct object (12)',3,'',18,1,'2025-01-28 22:25:37.947907');
INSERT INTO django_admin_log VALUES(77,'11','CartOrderProduct object (11)',3,'',18,1,'2025-01-28 22:25:37.947907');
INSERT INTO django_admin_log VALUES(78,'10','CartOrderProduct object (10)',3,'',18,1,'2025-01-28 22:25:37.947907');
INSERT INTO django_admin_log VALUES(79,'9','CartOrderProduct object (9)',3,'',18,1,'2025-01-28 22:25:37.947907');
INSERT INTO django_admin_log VALUES(80,'8','CartOrderProduct object (8)',3,'',18,1,'2025-01-28 22:25:37.947907');
INSERT INTO django_admin_log VALUES(81,'7','CartOrderProduct object (7)',3,'',18,1,'2025-01-28 22:25:37.947907');
INSERT INTO django_admin_log VALUES(82,'6','CartOrderProduct object (6)',3,'',18,1,'2025-01-28 22:25:37.947907');
INSERT INTO django_admin_log VALUES(83,'5','CartOrderProduct object (5)',3,'',18,1,'2025-01-28 22:25:37.947907');
INSERT INTO django_admin_log VALUES(84,'4','CartOrderProduct object (4)',3,'',18,1,'2025-01-28 22:25:37.947907');
INSERT INTO django_admin_log VALUES(85,'3','CartOrderProduct object (3)',3,'',18,1,'2025-01-28 22:25:37.947907');
INSERT INTO django_admin_log VALUES(86,'2','CartOrderProduct object (2)',3,'',18,1,'2025-01-28 22:25:37.947907');
INSERT INTO django_admin_log VALUES(87,'1','CartOrderProduct object (1)',3,'',18,1,'2025-01-28 22:25:37.947907');
INSERT INTO django_admin_log VALUES(88,'16','Cartorder object (16)',3,'',13,1,'2025-01-28 22:25:56.290919');
INSERT INTO django_admin_log VALUES(89,'15','Cartorder object (15)',3,'',13,1,'2025-01-28 22:25:56.290919');
INSERT INTO django_admin_log VALUES(90,'14','Cartorder object (14)',3,'',13,1,'2025-01-28 22:25:56.290919');
INSERT INTO django_admin_log VALUES(91,'13','Cartorder object (13)',3,'',13,1,'2025-01-28 22:25:56.290919');
INSERT INTO django_admin_log VALUES(92,'12','Cartorder object (12)',3,'',13,1,'2025-01-28 22:25:56.290919');
INSERT INTO django_admin_log VALUES(93,'11','Cartorder object (11)',3,'',13,1,'2025-01-28 22:25:56.290919');
INSERT INTO django_admin_log VALUES(94,'10','Cartorder object (10)',3,'',13,1,'2025-01-28 22:25:56.291914');
INSERT INTO django_admin_log VALUES(95,'9','Cartorder object (9)',3,'',13,1,'2025-01-28 22:25:56.291914');
INSERT INTO django_admin_log VALUES(96,'8','Cartorder object (8)',3,'',13,1,'2025-01-28 22:25:56.291914');
INSERT INTO django_admin_log VALUES(97,'7','Cartorder object (7)',3,'',13,1,'2025-01-28 22:25:56.291914');
INSERT INTO django_admin_log VALUES(98,'6','Cartorder object (6)',3,'',13,1,'2025-01-28 22:25:56.291914');
INSERT INTO django_admin_log VALUES(99,'5','Cartorder object (5)',3,'',13,1,'2025-01-28 22:25:56.291914');
INSERT INTO django_admin_log VALUES(100,'4','Cartorder object (4)',3,'',13,1,'2025-01-28 22:25:56.292905');
INSERT INTO django_admin_log VALUES(101,'3','Cartorder object (3)',3,'',13,1,'2025-01-28 22:25:56.292905');
INSERT INTO django_admin_log VALUES(102,'2','Cartorder object (2)',3,'',13,1,'2025-01-28 22:25:56.292905');
INSERT INTO django_admin_log VALUES(103,'1','Cartorder object (1)',3,'',13,1,'2025-01-28 22:25:56.292905');
INSERT INTO django_admin_log VALUES(104,'20','Cartorder object (20)',3,'',13,1,'2025-01-28 22:41:27.117595');
INSERT INTO django_admin_log VALUES(105,'19','Cartorder object (19)',3,'',13,1,'2025-01-28 22:41:27.118602');
INSERT INTO django_admin_log VALUES(106,'18','Cartorder object (18)',3,'',13,1,'2025-01-28 22:41:27.118602');
INSERT INTO django_admin_log VALUES(107,'17','Cartorder object (17)',3,'',13,1,'2025-01-28 22:41:27.118602');
INSERT INTO django_admin_log VALUES(108,'24','Cartorder object (24)',3,'',13,1,'2025-01-28 23:09:20.289914');
INSERT INTO django_admin_log VALUES(109,'23','Cartorder object (23)',3,'',13,1,'2025-01-28 23:09:20.290727');
INSERT INTO django_admin_log VALUES(110,'22','Cartorder object (22)',3,'',13,1,'2025-01-28 23:09:20.291722');
INSERT INTO django_admin_log VALUES(111,'21','Cartorder object (21)',3,'',13,1,'2025-01-28 23:09:20.291722');
INSERT INTO django_admin_log VALUES(112,'26','Cartorder object (26)',3,'',13,1,'2025-01-28 23:12:57.234514');
INSERT INTO django_admin_log VALUES(113,'25','Cartorder object (25)',3,'',13,1,'2025-01-28 23:12:57.234514');
INSERT INTO django_admin_log VALUES(114,'28','Cartorder object (28)',3,'',13,1,'2025-01-28 23:16:47.390042');
INSERT INTO django_admin_log VALUES(115,'27','Cartorder object (27)',3,'',13,1,'2025-01-28 23:16:47.390876');
INSERT INTO django_admin_log VALUES(116,'29','Cartorder object (29)',3,'',13,1,'2025-01-28 23:24:13.186505');
INSERT INTO django_admin_log VALUES(117,'31','Cartorder object (31)',3,'',13,1,'2025-01-28 23:29:59.503553');
INSERT INTO django_admin_log VALUES(118,'30','Cartorder object (30)',3,'',13,1,'2025-01-28 23:29:59.504554');
INSERT INTO django_admin_log VALUES(119,'93','CartOrderProduct object (93)',3,'',18,1,'2025-01-29 00:34:42.638445');
INSERT INTO django_admin_log VALUES(120,'34','Cartorder object (34)',3,'',13,1,'2025-01-29 00:41:01.804980');
INSERT INTO django_admin_log VALUES(121,'33','Cartorder object (33)',3,'',13,1,'2025-01-29 00:41:01.805977');
INSERT INTO django_admin_log VALUES(122,'32','Cartorder object (32)',3,'',13,1,'2025-01-29 00:41:01.805977');
INSERT INTO django_admin_log VALUES(123,'1','Address object (1)',1,'[{"added": {}}]',12,1,'2025-01-30 15:48:18.081604');
INSERT INTO django_admin_log VALUES(124,'2','Address object (2)',3,'',12,1,'2025-02-01 13:16:33.967287');
INSERT INTO django_admin_log VALUES(125,'53','Cartorder object (53)',3,'',13,1,'2025-02-06 12:13:40.271051');
INSERT INTO django_admin_log VALUES(126,'52','Cartorder object (52)',3,'',13,1,'2025-02-06 12:13:40.271051');
INSERT INTO django_admin_log VALUES(127,'51','Cartorder object (51)',3,'',13,1,'2025-02-06 12:13:40.271051');
INSERT INTO django_admin_log VALUES(128,'50','Cartorder object (50)',3,'',13,1,'2025-02-06 12:13:40.271051');
INSERT INTO django_admin_log VALUES(129,'49','Cartorder object (49)',3,'',13,1,'2025-02-06 12:13:40.271843');
INSERT INTO django_admin_log VALUES(130,'7','Oyiye',2,'[{"changed": {"fields": ["Password"]}}]',11,1,'2025-02-07 21:22:33.651059');
INSERT INTO django_admin_log VALUES(131,'7','Oyiye',3,'',11,1,'2025-02-07 21:24:41.891913');
INSERT INTO django_admin_log VALUES(132,'54','Cartorder object (54)',3,'',13,1,'2025-02-07 22:16:05.142924');
INSERT INTO django_admin_log VALUES(133,'48','Cartorder object (48)',3,'',13,1,'2025-02-07 22:16:05.142924');
INSERT INTO django_admin_log VALUES(134,'47','Cartorder object (47)',3,'',13,1,'2025-02-07 22:16:05.143921');
INSERT INTO django_admin_log VALUES(135,'46','Cartorder object (46)',3,'',13,1,'2025-02-07 22:16:05.143921');
INSERT INTO django_admin_log VALUES(136,'45','Cartorder object (45)',3,'',13,1,'2025-02-07 22:16:05.143921');
INSERT INTO django_admin_log VALUES(137,'44','Cartorder object (44)',3,'',13,1,'2025-02-07 22:16:05.143921');
INSERT INTO django_admin_log VALUES(138,'43','Cartorder object (43)',3,'',13,1,'2025-02-07 22:16:05.143921');
INSERT INTO django_admin_log VALUES(139,'42','Cartorder object (42)',3,'',13,1,'2025-02-07 22:16:05.143921');
INSERT INTO django_admin_log VALUES(140,'41','Cartorder object (41)',3,'',13,1,'2025-02-07 22:16:05.143921');
INSERT INTO django_admin_log VALUES(141,'40','Cartorder object (40)',3,'',13,1,'2025-02-07 22:16:05.145920');
INSERT INTO django_admin_log VALUES(142,'39','Cartorder object (39)',3,'',13,1,'2025-02-07 22:16:05.145920');
INSERT INTO django_admin_log VALUES(143,'38','Cartorder object (38)',3,'',13,1,'2025-02-07 22:16:05.146932');
INSERT INTO django_admin_log VALUES(144,'37','Cartorder object (37)',3,'',13,1,'2025-02-07 22:16:05.146932');
INSERT INTO django_admin_log VALUES(145,'36','Cartorder object (36)',3,'',13,1,'2025-02-07 22:16:05.146932');
INSERT INTO django_admin_log VALUES(146,'35','Cartorder object (35)',3,'',13,1,'2025-02-07 22:16:05.146932');
INSERT INTO django_admin_log VALUES(147,'1','CODE1',1,'[{"added": {}}]',19,1,'2025-02-08 02:52:15.632657');
INSERT INTO django_admin_log VALUES(148,'2','ANGELICA',1,'[{"added": {}}]',19,1,'2025-02-08 22:16:23.046695');
INSERT INTO django_admin_log VALUES(149,'6','headphones',1,'[{"added": {}}]',6,1,'2025-02-12 12:54:14.652048');
INSERT INTO django_admin_log VALUES(150,'6','Headphones',2,'[{"changed": {"fields": ["Name"]}}]',6,1,'2025-02-12 12:54:39.635988');
INSERT INTO django_admin_log VALUES(151,'1','Review object (1)',1,'[{"added": {}}]',10,1,'2025-02-28 01:21:08.585993');
INSERT INTO django_admin_log VALUES(152,'2','Review object (2)',1,'[{"added": {}}]',10,1,'2025-02-28 01:46:40.719073');
INSERT INTO django_admin_log VALUES(153,'2','Review object (2)',3,'',10,1,'2025-02-28 15:38:51.787099');
INSERT INTO django_admin_log VALUES(154,'2','ANGELICA',3,'',19,1,'2025-02-28 16:46:54.480428');
INSERT INTO django_admin_log VALUES(155,'16','Review object (16)',3,'',10,1,'2025-03-01 00:40:27.187769');
INSERT INTO django_admin_log VALUES(156,'15','Review object (15)',3,'',10,1,'2025-03-01 00:40:27.188769');
INSERT INTO django_admin_log VALUES(157,'14','Review object (14)',3,'',10,1,'2025-03-01 00:40:27.188769');
INSERT INTO django_admin_log VALUES(158,'13','Review object (13)',3,'',10,1,'2025-03-01 00:40:27.188769');
INSERT INTO django_admin_log VALUES(159,'12','Review object (12)',3,'',10,1,'2025-03-01 00:40:27.188769');
INSERT INTO django_admin_log VALUES(160,'11','Review object (11)',3,'',10,1,'2025-03-01 00:40:27.188769');
INSERT INTO django_admin_log VALUES(161,'10','Review object (10)',3,'',10,1,'2025-03-01 00:40:27.188769');
INSERT INTO django_admin_log VALUES(162,'9','Review object (9)',3,'',10,1,'2025-03-01 00:40:27.189752');
INSERT INTO django_admin_log VALUES(163,'8','Review object (8)',3,'',10,1,'2025-03-01 00:40:27.189752');
INSERT INTO django_admin_log VALUES(164,'7','Review object (7)',3,'',10,1,'2025-03-01 00:40:27.189752');
INSERT INTO django_admin_log VALUES(165,'6','Review object (6)',3,'',10,1,'2025-03-01 00:40:27.189752');
INSERT INTO django_admin_log VALUES(166,'5','Review object (5)',3,'',10,1,'2025-03-01 00:40:27.189752');
INSERT INTO django_admin_log VALUES(167,'4','Review object (4)',3,'',10,1,'2025-03-01 00:40:27.189752');
INSERT INTO django_admin_log VALUES(168,'3','Review object (3)',3,'',10,1,'2025-03-01 00:40:27.189752');
INSERT INTO django_admin_log VALUES(169,'1','Review object (1)',3,'',10,1,'2025-03-01 00:40:27.189752');
INSERT INTO django_admin_log VALUES(170,'7','inverters',1,'[{"added": {}}]',6,1,'2025-03-06 09:53:45.365417');
INSERT INTO django_admin_log VALUES(171,'26','High Quality Inverter',1,'[{"added": {}}]',8,1,'2025-03-06 09:55:37.904412');
CREATE TABLE IF NOT EXISTS "django_session" ("session_key" varchar(40) NOT NULL PRIMARY KEY, "session_data" text NOT NULL, "expire_date" datetime NOT NULL);
INSERT INTO django_session VALUES('4yx8y1q2rbp65j97qnzlhw6t50oaucsk','.eJxVjDkOwjAUBe_iGlk_8RZT0ucM0V8MDiBbipMKcXeIlALaNzPvpSbc1jxtLS3TLOqsOnX63Qj5kcoO5I7lVjXXsi4z6V3RB216rJKel8P9O8jY8rc2wwCMvdjovQcyljkSg4sYHRl0ApCcSB85eGBrU7iaZJFcR8GKRPX-ANohN_8:1tdeaM:B_p_E1NHSQX0ivCJdtGaF8xFKUgyrlBDS6bC4Kj90p8','2025-02-14 00:08:38.471850');
INSERT INTO django_session VALUES('yrnyyqlz40d9mwnxwmoaw2bthija3je6','.eJxVjDsOwjAQBe_iGllxFhuHkp4zWPszDiBHipMKcXeIlALaNzPvZRKuS0lr0zmNYs4mmsPvRsgPrRuQO9bbZHmqyzyS3RS702avk-jzsrt_BwVb-dbghuw89AG74KT3JBQ4AzAFBFEOXhzGEw-BkZSOETELMXvWzgOyeX8A-tw5aw:1tgdIT:HILOFB9Xs4CnufnkNUIh0lQd6Aq4h_MrzqgUcm30jVw','2025-02-22 05:22:29.686044');
INSERT INTO django_session VALUES('6dznkjjyks5hby8g9pvsi2of4g1gp5qq','.eJxVjDsOwjAQBe_iGllxFhuHkp4zWPszDiBHipMKcXeIlALaNzPvZRKuS0lr0zmNYs4mmsPvRsgPrRuQO9bbZHmqyzyS3RS702avk-jzsrt_BwVb-dbghuw89AG74KT3JBQ4AzAFBFEOXhzGEw-BkZSOETELMXvWzgOyeX8A-tw5aw:1tgiRb:uDE9vff6etNuE7sdquOou7RXSiRuyq9Rk1NusyyBp0Q','2025-02-22 10:52:15.583238');
INSERT INTO django_session VALUES('tf9inpcay7qnqj4n9xj8lc4tzaqapwbj','.eJyFkU1PIzEMhv9KNWeYJhlmtnDkstoVH4dWu0fLcdxOuplJyQdqQf3vm4GC4AIXS379-vWj5LkCzKmHHDmANdVVtajOPmoa6R-P08Bscdz4mvyYgtX1ZKlP01jfesPu-uT9FNBj7Mt2Iy_Xsm1Uh6KTRrXa6I7WTUO6w8Ywda2RuPhBlx2hZn2xQFwbTdQSi7ZBKqGEIYHBhOD1trp6rpSaarLJcblwh4927QPxbOVdDhxn164Azf5ior6sP2Qci_dQrLK0u2BpWpOiFULUQhTNDriZtPnAxuI875xHE-erbHyAl7SAgyWACwnDAMSvLWFkuNdPd7-Vq7c73lTHs0rJT3Css8PZLY-vPOdL6x45fIE1UX2DZQfeQ4njoHM4wA1vkA7wkg_nUG5F2Mucf_7avlPJxUeqPxwilgebsG4YU_8VUfMt0CkOyi8MkOygvU8Rep9ACdWAgtWbtuw9lyr3bpmeTnDH438bhtnm:1tgiU7:lZPEeyNbNAMzX84tjIHRrzKI0Z6HtskaMv0wNYyYlog','2025-02-22 10:54:51.788463');
INSERT INTO django_session VALUES('lqve31wppbkw7t3wz1rtja6kabdas4bs','.eJxVjMsOwiAQRf-FtSE8Rh4u3fcbCAODVA0kpV0Z_12bdKHbe865LxbittawDVrCnNmFOXb63TCmB7Ud5Htst85Tb-syI98VftDBp57peT3cv4MaR_3WhUDYrMmcE0qbE9niLEnpoED0JYHEKNAptD4b1M6CVkBFOOWNIq3Z-wP-bzfo:1tpDVx:waZ3Htasm9TX0SAngx2bZQtJAdn0oFPUXVEBNhhRdHw','2025-03-17 21:39:53.498472');
INSERT INTO django_session VALUES('4iwghhx5phtdmytllpgzfposjdbmau37','.eJxVj71uhDAQhF_l5Dr4FmOb85WpkiJFnsBa_wTMcZgYE-l04t1jJIpkiy1mvpnVPonGNfd6XXzSwZErqcnLX82gvflpN9yAUxepjVNOwdAdoYe70I_o_Ph6sP8Kelz6km4uF7DIHFdSSjANt1YZC0KhEqZB4QC8cI4p20qwnPv2q_EcjahNy51TpdRiytphRh3NQK5PwuS-c8ijLxfeQtefPlccQ36c3qcfn7JPJfa94lSYx_HbnILd8VpAGQpQtHDHbtfOd-8Cntd5jOiW89zHHDUDJipoKpC6hkqwClo6zB3Ztu0XbY5lLQ:1tqdvD:BAQVCqNnrLuwClC0YxTAPS5hVb5zVeGjQjot9eOsnjU','2025-03-21 20:03:51.935441');
CREATE TABLE IF NOT EXISTS "ecommerce_app_category" ("id" integer NOT NULL PRIMARY KEY AUTOINCREMENT, "name" varchar(100) NOT NULL, "slug" varchar(50) NOT NULL UNIQUE, "created_at" datetime NOT NULL, "updated_at" datetime NOT NULL);
INSERT INTO ecommerce_app_category VALUES(1,'Women','women','2025-01-22 13:54:04.434044','2025-01-22 13:54:04.434044');
INSERT INTO ecommerce_app_category VALUES(2,'Men','men','2025-01-22 13:54:07.770118','2025-01-22 13:54:07.770118');
INSERT INTO ecommerce_app_category VALUES(3,'Watches','watches','2025-01-22 13:54:16.683326','2025-01-22 13:54:16.683326');
INSERT INTO ecommerce_app_category VALUES(4,'Bags','bags','2025-01-22 13:54:22.220807','2025-01-22 13:54:22.220807');
INSERT INTO ecommerce_app_category VALUES(5,'Shoes','shoes','2025-01-22 14:22:29.808197','2025-01-22 14:22:29.808197');
INSERT INTO ecommerce_app_category VALUES(6,'Headphones','headphones','2025-02-12 12:54:14.646063','2025-02-12 12:54:39.635988');
INSERT INTO ecommerce_app_category VALUES(7,'inverters','inverters','2025-03-06 09:53:45.357760','2025-03-06 09:53:45.358002');
CREATE TABLE IF NOT EXISTS "ecommerce_app_blog" ("id" integer NOT NULL PRIMARY KEY AUTOINCREMENT, "title" varchar(200) NOT NULL, "content" text NOT NULL, "image" varchar(100) NOT NULL, "created_at" datetime NOT NULL, "author_id" bigint NULL REFERENCES "userauth_user" ("id") DEFERRABLE INITIALLY DEFERRED);
CREATE TABLE IF NOT EXISTS "ecommerce_app_product" ("id" integer NOT NULL PRIMARY KEY AUTOINCREMENT, "name" varchar(200) NOT NULL, "price" decimal NOT NULL, "image" varchar(100) NOT NULL, "image_two" varchar(100) NOT NULL, "image_three" varchar(100) NOT NULL, "is_featured" bool NOT NULL, "is_available" bool NOT NULL, "description" text NOT NULL, "size" varchar(50) NOT NULL, "color" varchar(50) NOT NULL, "quantity" integer unsigned NOT NULL CHECK ("quantity" >= 0), "created_at" datetime NOT NULL, "updated_at" datetime NOT NULL, "category_id" bigint NULL REFERENCES "ecommerce_app_category" ("id") DEFERRABLE INITIALLY DEFERRED);
INSERT INTO ecommerce_app_product VALUES(1,'Esprit Ruffle Shirt',32000,'uploads/product-01_cNAWZfD.jpg','uploads/Chief_3_Pocket_Shacket_MNajMbm.jpeg','uploads/Chambray_Shirt___Herschel_Supply_Company_R4dGrhN.jpeg',1,1,'Pellentesque porttitor, velit lacinia egestas auctor, diam eros tempus arcu, nec vulputate augue magna vel risus. Cras non magna vel ante adipiscing rhoncus. Vivamus a mi. Morbi neque. Aliquam erat volutpat. Integer ultrices lobortis eros. Pellentesque habitant morbi tristique senectus et netus et malesuada fames ac turpis egestas. Proin semper, ante vitae sollicitudin posuere, metus quam iaculis nibh, vitae scelerisque nunc massa eget pede. Sed velit urna, interdum vel, ultricies vel, faucibus at, quam. Donec elit est, consectetuer eget, consequat quis, tempus quis, wisi.','SIZE_L','WHITE',20,'2025-01-22 14:22:42','2025-01-22 20:25:03.385911',1);
INSERT INTO ecommerce_app_product VALUES(2,'Herschel supply',68000,'uploads/product-02_qRNrXWb.jpg','uploads/Crest_Tee_Womens___Herschel_Supply_Company.jpeg','uploads/Hershel_Supply_Co__Mens_Black_Short_Sleeve_T-shirt.jpeg',0,1,replace(replace('Quisquam esse aliquam fuga distinctio, quidem delectus veritatis reiciendis. Nihil explicabo quod, est eos\r\n ipsum. Unde aut non tenetur tempore, nisi culpa voluptate maiores officiis quis vel ab consectetur suscipitveritatis nulla quos quia aspernatur perferendis, libero sint. Error, velit, porro. Deserunt minus,quibusdam iste enim veniam, modi rem maiores.Odit voluptatibus, eveniet vel nihil cum ullam dolores laborum, quo velit commodi rerum eum quide pariatur! Quia fuga iste tenetur, ipsa vel nisi in dolorum consequatur, veritatis porro explicabo solutacommodi libero voluptatem similique id quidem? Blanditiis voluptates aperiam non magni. Reprehenderit nobisodit inventore, quia laboriosam harum excepturi ea.','\r',char(13)),'\n',char(10)),'SIZE_L','WHITE',45,'2025-01-22 15:25:42','2025-01-22 15:51:32.153452',1);
INSERT INTO ecommerce_app_product VALUES(3,'Only Check Trouser',49000,'uploads/product-03_N9WDzev.jpg','uploads/For_the_coming_age_ECbt6Xh.jpeg','uploads/Trousers___Check_Wide_Leg_Trouser___Oasis_MgRQBFL.jpeg',1,1,replace(replace('Adipisci vero culpa, eius nobis soluta. Dolore, maxime ullam ipsam quidem, dolor distinctio similique\r\n          asperiores voluptas enim, exercitationem ratione aut adipisci modi quod quibusdam iusto, voluptates beatae\r\n          iure nemo itaque laborum. Consequuntur et pariatur totam fuga eligendi vero dolorum provident. Voluptatibus,\r\n          veritatis. Beatae numquam nam ab voluptatibus culpa, tenetur recusandae!','\r',char(13)),'\n',char(10)),'SIZE_L','GREY',35,'2025-01-22 15:51:32','2025-01-22 15:57:39.837848',2);
INSERT INTO ecommerce_app_product VALUES(4,'Classic Trench Coat',142000,'uploads/product-04_lMS8J7U.jpg','uploads/tc-2_zKEtxeV.jpeg','uploads/tc_9TzUj6Y.jpeg',1,1,'Fusce aliquet pede non pede. Suspendisse dapibus lorem pellentesque magna. Integer nulla. Donec blandit feugiat ligula. Donec hendrerit, felis et imperdiet euismod, purus ipsum pretium metus, in lacinia nulla nisl eget sapien. Donec ut est in lectus consequat consequat. Etiam eget dui. Aliquam erat volutpat. Sed at lorem in nunc porta tristique. Proin nec augue. Quisque aliquam tempor magna. Pellentesque habitant morbi tristique senectus et netus et malesuada fames ac turpis egestas.','SIZE_XL','GREY',21,'2025-01-22 15:57:39','2025-01-22 16:01:26.923618',1);
INSERT INTO ecommerce_app_product VALUES(5,'Front Pocket Jumper',66000,'uploads/product-05_uMrKgcw.jpg','uploads/Chief_3_Pocket_Shacket_zYSxYMY.jpeg','uploads/Aubin_Burton_Co-ord_Cotton_Green_Overshirt_Jacket_bUXlvEH.jpeg',1,1,'Fusce aliquet pede non pede. Suspendisse dapibus lorem pellentesque magna. Integer nulla. Donec blandit feugiat ligula. Donec hendrerit, felis et imperdiet euismod, purus ipsum pretium metus, in lacinia nulla nisl eget sapien. Donec ut est in lectus consequat consequat. Etiam eget dui. Aliquam erat volutpat. Sed at lorem in nunc porta tristique. Proin nec augue. Quisque aliquam tempor magna. Pellentesque habitant morbi tristique senectus et netus et malesuada fames ac turpis egestas.','SIZE_M','BLUE',31,'2025-01-22 16:01:26','2025-01-22 16:04:40.172102',1);
INSERT INTO ecommerce_app_product VALUES(6,'Vintage Inspired Classic',178000,'uploads/product-06_XQpcdlk.jpg','uploads/vc_f1cX1iz.2.jpeg','uploads/vc_QgzOoFa.jpeg',1,1,'Fusce aliquet pede non pede. Suspendisse dapibus lorem pellentesque magna. Integer nulla. Donec blandit feugiat ligula. Donec hendrerit, felis et imperdiet euismod, purus ipsum pretium metus, in lacinia nulla nisl eget sapien. Donec ut est in lectus consequat consequat. Etiam eget dui. Aliquam erat volutpat. Sed at lorem in nunc porta tristique. Proin nec augue. Quisque aliquam tempor magna. Pellentesque habitant morbi tristique senectus et netus et malesuada fames ac turpis egestas.','SIZE_M','BLACK',50,'2025-01-22 16:04:40','2025-01-22 16:07:23.349901',3);
INSERT INTO ecommerce_app_product VALUES(7,'Shirt in Stretch Cotton',100000,'uploads/product-07_SXw34uH.jpg','uploads/ssc_5uNqAZ0.jpeg','uploads/Online_fashion_4uIywAV.jpeg',1,1,'Fusce aliquet pede non pede. Suspendisse dapibus lorem pellentesque magna. Integer nulla. Donec blandit feugiat ligula. Donec hendrerit, felis et imperdiet euismod, purus ipsum pretium metus, in lacinia nulla nisl eget sapien. Donec ut est in lectus consequat consequat. Etiam eget dui. Aliquam erat volutpat. Sed at lorem in nunc porta tristique. Proin nec augue. Quisque aliquam tempor magna. Pellentesque habitant morbi tristique senectus et netus et malesuada fames ac turpis egestas.','SIZE_L','BLUE',38,'2025-01-22 16:07:23','2025-01-22 16:09:09.298868',1);
INSERT INTO ecommerce_app_product VALUES(8,'Pieces Metallic Printed',36000,'uploads/product-08_kWlTM6X.jpg','uploads/mc_MRXWotE.jpeg','uploads/Metallic_Floral_Print_Blouse_s6kqOoc.jpeg',1,1,'Fusce aliquet pede non pede. Suspendisse dapibus lorem pellentesque magna. Integer nulla. Donec blandit feugiat ligula. Donec hendrerit, felis et imperdiet euismod, purus ipsum pretium metus, in lacinia nulla nisl eget sapien. Donec ut est in lectus consequat consequat. Etiam eget dui. Aliquam erat volutpat. Sed at lorem in nunc porta tristique. Proin nec augue. Quisque aliquam tempor magna. Pellentesque habitant morbi tristique senectus et netus et malesuada fames ac turpis egestas.','SIZE_M','WHITE',45,'2025-01-22 16:09:09','2025-01-22 16:13:54.467228',1);
INSERT INTO ecommerce_app_product VALUES(9,'Converse All Star Hi Plimsolls',142000,'uploads/product-09_yfpv41E.jpg','uploads/cv_i7Bzc1L.jpeg','uploads/Search__converse_-_page_1_of_4___ASOS_LpeMcaS.jpeg',1,1,'Fusce aliquet pede non pede. Suspendisse dapibus lorem pellentesque magna. Integer nulla. Donec blandit feugiat ligula. Donec hendrerit, felis et imperdiet euismod, purus ipsum pretium metus, in lacinia nulla nisl eget sapien. Donec ut est in lectus consequat consequat. Etiam eget dui. Aliquam erat volutpat. Sed at lorem in nunc porta tristique. Proin nec augue. Quisque aliquam tempor magna. Pellentesque habitant morbi tristique senectus et netus et malesuada fames ac turpis egestas.','SIZE_L','BLACK',60,'2025-01-22 16:13:54','2025-01-22 16:16:03.790013',5);
INSERT INTO ecommerce_app_product VALUES(10,'Herschel supply Shirt',130000,'uploads/product-11_X8alEI1.jpg','uploads/Chambray_Shirt___Herschel_Supply_Company_PE6tWcU.jpeg','uploads/Oxford_Shirt____Mens_zZ5Lvl2.jpeg',1,1,'Fusce aliquet pede non pede. Suspendisse dapibus lorem pellentesque magna. Integer nulla. Donec blandit feugiat ligula. Donec hendrerit, felis et imperdiet euismod, purus ipsum pretium metus, in lacinia nulla nisl eget sapien. Donec ut est in lectus consequat consequat. Etiam eget dui. Aliquam erat volutpat. Sed at lorem in nunc porta tristique. Proin nec augue. Quisque aliquam tempor magna. Pellentesque habitant morbi tristique senectus et netus et malesuada fames ac turpis egestas.','SIZE_L','BLUE',15,'2025-01-22 16:16:03','2025-01-22 16:19:17.762162',2);
INSERT INTO ecommerce_app_product VALUES(11,'Herschel supply Belt',120000,'uploads/belt-1_r0Vubmf.jpeg','uploads/belt-2_24xnXsK.jpeg','uploads/product-12_31VGmPC.jpg',1,1,'Fusce aliquet pede non pede. Suspendisse dapibus lorem pellentesque magna. Integer nulla. Donec blandit feugiat ligula. Donec hendrerit, felis et imperdiet euismod, purus ipsum pretium metus, in lacinia nulla nisl eget sapien. Donec ut est in lectus consequat consequat. Etiam eget dui. Aliquam erat volutpat. Sed at lorem in nunc porta tristique. Proin nec augue. Quisque aliquam tempor magna. Pellentesque habitant morbi tristique senectus et netus et malesuada fames ac turpis egestas.','SIZE_L','BLACK',20,'2025-01-22 16:19:17','2025-01-22 16:24:05.992939',2);
INSERT INTO ecommerce_app_product VALUES(12,'T-Shirt with Sleeve',35000,'uploads/product-13_SaUd4U7.jpg','uploads/stc_yYnyhDD.jpeg','uploads/st2_JDRhMO2.jpeg',1,1,'Fusce aliquet pede non pede. Suspendisse dapibus lorem pellentesque magna. Integer nulla. Donec blandit feugiat ligula. Donec hendrerit, felis et imperdiet euismod, purus ipsum pretium metus, in lacinia nulla nisl eget sapien. Donec ut est in lectus consequat consequat. Etiam eget dui. Aliquam erat volutpat. Sed at lorem in nunc porta tristique. Proin nec augue. Quisque aliquam tempor magna. Pellentesque habitant morbi tristique senectus et netus et malesuada fames ac turpis egestas.','SIZE_M','WHITE',40,'2025-01-22 16:24:06','2025-01-22 16:27:20.213324',1);
INSERT INTO ecommerce_app_product VALUES(13,'Pretty Little Thing',32000,'uploads/product-14_r0ZUgVO.jpg','uploads/Womens_Navy_Square_Neck_Crop_Top_New_Look_MhztbZN.jpeg','uploads/s-w-f_Ozy8ami.jpeg',1,1,'Fusce aliquet pede non pede. Suspendisse dapibus lorem pellentesque magna. Integer nulla. Donec blandit feugiat ligula. Donec hendrerit, felis et imperdiet euismod, purus ipsum pretium metus, in lacinia nulla nisl eget sapien. Donec ut est in lectus consequat consequat. Etiam eget dui. Aliquam erat volutpat. Sed at lorem in nunc porta tristique. Proin nec augue. Quisque aliquam tempor magna. Pellentesque habitant morbi tristique senectus et netus et malesuada fames ac turpis egestas.','SIZE_S','BLACK',31,'2025-01-22 16:27:20','2025-01-22 16:31:23.321233',1);
INSERT INTO ecommerce_app_product VALUES(14,'Mini Silver Mesh Watch',165000,'uploads/product-15_dcbzIjZ.jpg','uploads/Silver_Watch___Color__Silver___Size__Os_eMcIEaC.jpeg','uploads/Tck_Accech___Color__Black_Silver___Size__Os_x1FXdgj.jpeg',1,1,'Fusce aliquet pede non pede. Suspendisse dapibus lorem pellentesque magna. Integer nulla. Donec blandit feugiat ligula. Donec hendrerit, felis et imperdiet euismod, purus ipsum pretium metus, in lacinia nulla nisl eget sapien. Donec ut est in lectus consequat consequat. Etiam eget dui. Aliquam erat volutpat. Sed at lorem in nunc porta tristique. Proin nec augue. Quisque aliquam tempor magna. Pellentesque habitant morbi tristique senectus et netus et malesuada fames ac turpis egestas.','SIZE_L','WHITE',50,'2025-01-22 16:31:23','2025-01-22 16:33:43.664611',3);
INSERT INTO ecommerce_app_product VALUES(15,'Square Neck Back',56000,'uploads/product-16_VWXUQel.jpg','uploads/Camisa_Long_Stussy_T_shirt_tshirt_t-shirt_t_shirt_t_shirts_tshirts_t-shirts__RBogAD1.jpeg','uploads/Black_Whistles_Square_Neck_T-shirt___T-Shirts_AbqmviY.jpeg',1,1,'Fusce aliquet pede non pede. Suspendisse dapibus lorem pellentesque magna. Integer nulla. Donec blandit feugiat ligula. Donec hendrerit, felis et imperdiet euismod, purus ipsum pretium metus, in lacinia nulla nisl eget sapien. Donec ut est in lectus consequat consequat. Etiam eget dui. Aliquam erat volutpat. Sed at lorem in nunc porta tristique. Proin nec augue. Quisque aliquam tempor magna. Pellentesque habitant morbi tristique senectus et netus et malesuada fames ac turpis egestas.','SIZE_M','GREY',65,'2025-01-22 16:33:43','2025-01-22 16:37:41.080503',1);
INSERT INTO ecommerce_app_product VALUES(16,'Femme T-Shirt In Stripe',50000,'uploads/product-10_4NcWWpr.jpg','uploads/Sandro_Tops___Comedie_Silk_Ruffled_Shirt___Color__Red___Size__M_IoLINXt.jpeg','uploads/Ruffle_Trim_Button_Front_Shirt___SHEIN_EUR_kURwaVb.jpeg',1,1,'Fusce aliquet pede non pede. Suspendisse dapibus lorem pellentesque magna. Integer nulla. Donec blandit feugiat ligula. Donec hendrerit, felis et imperdiet euismod, purus ipsum pretium metus, in lacinia nulla nisl eget sapien. Donec ut est in lectus consequat consequat. Etiam eget dui. Aliquam erat volutpat. Sed at lorem in nunc porta tristique. Proin nec augue. Quisque aliquam tempor magna. Pellentesque habitant morbi tristique senectus et netus et malesuada fames ac turpis egestas.','SIZE_M','BLACK',40,'2025-01-22 16:37:41','2025-01-22 16:41:05.279499',1);
INSERT INTO ecommerce_app_product VALUES(17,'Original Nike Air Jordans',70000,'uploads/Jordan_4_Bred-_Sneaker_for_Men_for_Women_Gift_for_Him_Gift_for_Her_JGfbI2b.jpeg','uploads/Jordan_Shoek___Size__Various_oukwt2P.jpeg','uploads/NIKE_AIR_JORDAN_1_RETRO_HIGH_OG_GAME_ROYAL_555088-403_eodMlzH.jpeg',1,1,'Fusce aliquet pede non pede. Suspendisse dapibus lorem pellentesque magna. Integer nulla. Donec blandit feugiat ligula. Donec hendrerit, felis et imperdiet euismod, purus ipsum pretium metus, in lacinia nulla nisl eget sapien. Donec ut est in lectus consequat consequat. Etiam eget dui. Aliquam erat volutpat. Sed at lorem in nunc porta tristique. Proin nec augue. Quisque aliquam tempor magna. Pellentesque habitant morbi tristique senectus et netus et malesuada fames ac turpis egestas.','SIZE_L','BLACK',10,'2025-01-22 16:41:05','2025-01-22 16:42:33.328963',5);
INSERT INTO ecommerce_app_product VALUES(18,'Versace Men Leather',30000,'uploads/Versace_form_timboots_hot_2023_2_Timboots_Shoes_S1xlStz.jpeg','uploads/Quality_handmade_uL0qUJn.jpeg','uploads/Versace_Shoes___Versace_Men_Shoes___Color__Black___Size__12_1Km7YnZ.jpeg',1,1,'Fusce aliquet pede non pede. Suspendisse dapibus lorem pellentesque magna. Integer nulla. Donec blandit feugiat ligula. Donec hendrerit, felis et imperdiet euismod, purus ipsum pretium metus, in lacinia nulla nisl eget sapien. Donec ut est in lectus consequat consequat. Etiam eget dui. Aliquam erat volutpat. Sed at lorem in nunc porta tristique. Proin nec augue. Quisque aliquam tempor magna. Pellentesque habitant morbi tristique senectus et netus et malesuada fames ac turpis egestas.','SIZE_L','BLACK',70,'2025-01-22 16:42:33','2025-01-22 16:44:47.457177',5);
INSERT INTO ecommerce_app_product VALUES(19,'Naked Wolfe',55000,'uploads/Tossud_Naked_Wolfe_EK0dQfm.jpeg','uploads/Naked_Wolfe_Shoes___New_Naked_Wol_1k3eAaY.jpeg','uploads/Sneakers_Hugo_in_pelle_sintetica_16hhoJV.jpeg',1,1,'Fusce aliquet pede non pede. Suspendisse dapibus lorem pellentesque magna. Integer nulla. Donec blandit feugiat ligula. Donec hendrerit, felis et imperdiet euismod, purus ipsum pretium metus, in lacinia nulla nisl eget sapien. Donec ut est in lectus consequat consequat. Etiam eget dui. Aliquam erat volutpat. Sed at lorem in nunc porta tristique. Proin nec augue. Quisque aliquam tempor magna. Pellentesque habitant morbi tristique senectus et netus et malesuada fames ac turpis egestas.','SIZE_L','WHITE',25,'2025-01-22 16:44:47','2025-01-22 16:49:30.651436',5);
INSERT INTO ecommerce_app_product VALUES(20,'Hugo Canvas',15000,'uploads/HUGO_Leon_chunky_runner_trainers_in_black___ASOS_0B6IJjr.jpeg','uploads/b239a36a-18f3-404e-83e6-68e14df3e3b5_DwPjfFn.jpeg','uploads/HUGO_Boss_Trainey_Blue_Mens___eBay.jpeg',1,1,'Fusce aliquet pede non pede. Suspendisse dapibus lorem pellentesque magna. Integer nulla. Donec blandit feugiat ligula. Donec hendrerit, felis et imperdiet euismod, purus ipsum pretium metus, in lacinia nulla nisl eget sapien. Donec ut est in lectus consequat consequat. Etiam eget dui. Aliquam erat volutpat. Sed at lorem in nunc porta tristique. Proin nec augue. Quisque aliquam tempor magna. Pellentesque habitant morbi tristique senectus et netus et malesuada fames ac turpis egestas.','SIZE_L','BLACK',40,'2025-01-22 16:49:30','2025-01-22 16:50:38.454977',5);
INSERT INTO ecommerce_app_product VALUES(21,'Nebula Men Watch-Silver',150000,'uploads/Timex_Waterbury_Legacy_Watch_-_Mens_x1uuGIj.jpeg','uploads/Moon_Silver_qRBeGqh.jpeg','uploads/Silver_Watch___Color__Silver___Size__Os_rySSjkG.jpeg',1,1,'Fusce aliquet pede non pede. Suspendisse dapibus lorem pellentesque magna. Integer nulla. Donec blandit feugiat ligula. Donec hendrerit, felis et imperdiet euismod, purus ipsum pretium metus, in lacinia nulla nisl eget sapien. Donec ut est in lectus consequat consequat. Etiam eget dui. Aliquam erat volutpat. Sed at lorem in nunc porta tristique. Proin nec augue. Quisque aliquam tempor magna. Pellentesque habitant morbi tristique senectus et netus et malesuada fames ac turpis egestas.','SIZE_M','WHITE',25,'2025-01-22 16:50:38','2025-01-22 16:53:05.671425',3);
INSERT INTO ecommerce_app_product VALUES(22,'Naviforce Tolures Black Watch',105000,'uploads/Tudor_Blackramic__41_mm_ceramic_case_ObzNJ2l.jpeg','uploads/c642f119-1429-41cd-b6d1-1ec7ba59c633_dg2bM5Y.jpeg','uploads/Luxury_Band_M020_-_Black_Red_GxDJFJZ.jpeg',1,1,'Fusce aliquet pede non pede. Suspendisse dapibus lorem pellentesque magna. Integer nulla. Donec blandit feugiat ligula. Donec hendrerit, felis et imperdiet euismod, purus ipsum pretium metus, in lacinia nulla nisl eget sapien. Donec ut est in lectus consequat consequat. Etiam eget dui. Aliquam erat volutpat. Sed at lorem in nunc porta tristique. Proin nec augue. Quisque aliquam tempor magna. Pellentesque habitant morbi tristique senectus et netus et malesuada fames ac turpis egestas.','SIZE_M','BLACK',45,'2025-01-22 16:53:05','2025-01-22 16:55:58.284541',3);
INSERT INTO ecommerce_app_product VALUES(23,'Herschel supply Bag',35000,'uploads/Herschel_Supply_Co__Backpacks_for_Men___Online_Sale_up_to_52_off.jpeg','uploads/Herschel_Supply_Co__Settlement_Backpack_-_Fig.jpeg','uploads/Herschel_Herren_Rucksack_Settlet_altrosa_982CQ9R.jpeg',1,1,'Nunc ac magna. Maecenas odio dolor, vulputate vel, auctor ac, accumsan id, felis. Pellentesque cursus sagittis felis. Pellentesque porttitor, velit lacinia egestas auctor, diam eros tempus arcu, nec vulputate augue magna vel risus. Cras non magna vel ante adipiscing rhoncus. Vivamus a mi. Morbi neque. Aliquam erat volutpat. Integer ultrices lobortis eros. Pellentesque habitant morbi tristique senectus et netus et malesuada fames ac turpis egestas. Proin semper, ante vitae sollicitudin posuere, metus quam iaculis nibh, vitae scelerisque nunc massa eget pede. Sed velit urna, interdum vel, ultricies vel, faucibus at, quam.','SIZE_M','WHITE',35,'2025-01-22 16:55:58','2025-01-22 19:09:01.438389',4);
INSERT INTO ecommerce_app_product VALUES(24,'Original Gold Watch',250000,'uploads/1960er_Jahre_Universal_Gen_9RILkQL.jpeg','uploads/458b8bff-cdf0-4c15-b7f3-ad094132ed83_E1VA5IH.jpeg','uploads/5215fc91-f7a9-4222-b9ad-fb669d3c476e_4eCjwXm.jpeg',1,1,'Nunc ac magna. Maecenas odio dolor, vulputate vel, auctor ac, accumsan id, felis. Pellentesque cursus sagittis felis. Pellentesque porttitor, velit lacinia egestas auctor, diam eros tempus arcu, nec vulputate augue magna vel risus. Cras non magna vel ante adipiscing rhoncus. Vivamus a mi. Morbi neque. Aliquam erat volutpat. Integer ultrices lobortis eros. Pellentesque habitant morbi tristique senectus et netus et malesuada fames ac turpis egestas. Proin semper, ante vitae sollicitudin posuere, metus quam iaculis nibh, vitae scelerisque nunc massa eget pede. Sed velit urna, interdum vel, ultricies vel, faucibus at, quam.','SIZE_M','BLACK',5,'2025-01-22 19:09:01','2025-02-12 12:50:36.165074',3);
INSERT INTO ecommerce_app_product VALUES(26,'High Quality Inverter',150000,'uploads/photo_2025-03-06_10-52-07.jpg','uploads/photo_2025-03-06_10-52-07_C9uobeu.jpg','uploads/photo_2025-03-06_10-52-07_HkSmXWQ.jpg',1,1,'A very powerful inverter','SIZE_XL','WHITE',5,'2025-03-06 09:53:50','2025-03-06 09:55:37.900724',7);
CREATE TABLE IF NOT EXISTS "ecommerce_app_address" ("id" integer NOT NULL PRIMARY KEY AUTOINCREMENT, "phone_no" varchar(100) NULL, "status" bool NOT NULL, "user_id" bigint NULL REFERENCES "userauth_user" ("id") DEFERRABLE INITIALLY DEFERRED, "address" varchar(300) NULL);
INSERT INTO ecommerce_app_address VALUES(1,'+12(456)-78901',1,1,'123, Pineview Avenue, Miami');
INSERT INTO ecommerce_app_address VALUES(3,'9051273611',0,1,'23, Ibadan Express Way, Ota.');
INSERT INTO ecommerce_app_address VALUES(4,'+2349051273611',0,8,'KM. 10 Idiroko Road, Canaan Land, Ota, Ogun State, Nigeria.');
CREATE TABLE IF NOT EXISTS "ecommerce_app_cartorderitem" ("id" integer NOT NULL PRIMARY KEY AUTOINCREMENT, "product_status" varchar(100) NOT NULL, "item" varchar(100) NOT NULL, "image" varchar(100) NOT NULL, "quantity" integer NOT NULL, "price" decimal NOT NULL, "total" decimal NOT NULL, "order_id" bigint NOT NULL REFERENCES "ecommerce_app_cartorder" ("id") DEFERRABLE INITIALLY DEFERRED);
CREATE TABLE IF NOT EXISTS "ecommerce_app_seller" ("id" integer NOT NULL PRIMARY KEY AUTOINCREMENT, "name" varchar(100) NOT NULL, "image" varchar(100) NOT NULL, "description" text NOT NULL, "address" varchar(100) NOT NULL, "contact" varchar(100) NOT NULL, "user_id" bigint NULL REFERENCES "userauth_user" ("id") DEFERRABLE INITIALLY DEFERRED);
CREATE TABLE IF NOT EXISTS "ecommerce_app_wishlist" ("id" integer NOT NULL PRIMARY KEY AUTOINCREMENT, "date" date NOT NULL, "product_id" bigint NULL REFERENCES "ecommerce_app_product" ("id") DEFERRABLE INITIALLY DEFERRED, "user_id" bigint NULL REFERENCES "userauth_user" ("id") DEFERRABLE INITIALLY DEFERRED);
INSERT INTO ecommerce_app_wishlist VALUES(40,'2025-02-22',1,1);
INSERT INTO ecommerce_app_wishlist VALUES(45,'2025-02-22',6,1);
CREATE TABLE IF NOT EXISTS "paypal_ipn" ("id" integer NOT NULL PRIMARY KEY AUTOINCREMENT, "business" varchar(127) NOT NULL, "charset" varchar(255) NOT NULL, "custom" varchar(256) NOT NULL, "notify_version" decimal NULL, "parent_txn_id" varchar(19) NOT NULL, "receiver_email" varchar(254) NOT NULL, "receiver_id" varchar(255) NOT NULL, "residence_country" varchar(2) NOT NULL, "test_ipn" bool NOT NULL, "txn_id" varchar(255) NOT NULL, "txn_type" varchar(255) NOT NULL, "verify_sign" varchar(255) NOT NULL, "address_country" varchar(64) NOT NULL, "address_city" varchar(40) NOT NULL, "address_country_code" varchar(64) NOT NULL, "address_name" varchar(128) NOT NULL, "address_state" varchar(40) NOT NULL, "address_status" varchar(255) NOT NULL, "address_street" varchar(200) NOT NULL, "address_zip" varchar(20) NOT NULL, "contact_phone" varchar(20) NOT NULL, "first_name" varchar(64) NOT NULL, "last_name" varchar(64) NOT NULL, "payer_business_name" varchar(127) NOT NULL, "payer_email" varchar(127) NOT NULL, "payer_id" varchar(13) NOT NULL, "auth_amount" decimal NULL, "auth_exp" varchar(28) NOT NULL, "auth_id" varchar(19) NOT NULL, "auth_status" varchar(255) NOT NULL, "exchange_rate" decimal NULL, "invoice" varchar(127) NOT NULL, "item_name" varchar(127) NOT NULL, "item_number" varchar(127) NOT NULL, "mc_currency" varchar(32) NOT NULL, "mc_fee" decimal NULL, "mc_gross" decimal NULL, "mc_handling" decimal NULL, "mc_shipping" decimal NULL, "memo" varchar(255) NOT NULL, "num_cart_items" integer NULL, "option_name1" varchar(64) NOT NULL, "option_name2" varchar(64) NOT NULL, "payer_status" varchar(255) NOT NULL, "payment_date" datetime NULL, "payment_gross" decimal NULL, "payment_status" varchar(255) NOT NULL, "payment_type" varchar(255) NOT NULL, "pending_reason" varchar(255) NOT NULL, "protection_eligibility" varchar(255) NOT NULL, "quantity" integer NULL, "reason_code" varchar(255) NOT NULL, "remaining_settle" decimal NULL, "settle_amount" decimal NULL, "settle_currency" varchar(32) NOT NULL, "shipping" decimal NULL, "shipping_method" varchar(255) NOT NULL, "tax" decimal NULL, "transaction_entity" varchar(255) NOT NULL, "auction_buyer_id" varchar(64) NOT NULL, "auction_closing_date" datetime NULL, "auction_multi_item" integer NULL, "for_auction" decimal NULL, "amount" decimal NULL, "amount_per_cycle" decimal NULL, "initial_payment_amount" decimal NULL, "next_payment_date" datetime NULL, "outstanding_balance" decimal NULL, "payment_cycle" varchar(255) NOT NULL, "period_type" varchar(255) NOT NULL, "product_name" varchar(255) NOT NULL, "product_type" varchar(255) NOT NULL, "profile_status" varchar(255) NOT NULL, "recurring_payment_id" varchar(255) NOT NULL, "rp_invoice_id" varchar(127) NOT NULL, "time_created" datetime NULL, "amount1" decimal NULL, "amount2" decimal NULL, "amount3" decimal NULL, "mc_amount1" decimal NULL, "mc_amount2" decimal NULL, "mc_amount3" decimal NULL, "password" varchar(24) NOT NULL, "period1" varchar(255) NOT NULL, "period2" varchar(255) NOT NULL, "period3" varchar(255) NOT NULL, "reattempt" varchar(1) NOT NULL, "recur_times" integer NULL, "recurring" varchar(1) NOT NULL, "retry_at" datetime NULL, "subscr_date" datetime NULL, "subscr_effective" datetime NULL, "subscr_id" varchar(19) NOT NULL, "username" varchar(64) NOT NULL, "case_creation_date" datetime NULL, "case_id" varchar(255) NOT NULL, "case_type" varchar(255) NOT NULL, "receipt_id" varchar(255) NOT NULL, "currency_code" varchar(32) NOT NULL, "handling_amount" decimal NULL, "transaction_subject" varchar(256) NOT NULL, "ipaddress" char(39) NULL, "flag" bool NOT NULL, "flag_code" varchar(16) NOT NULL, "flag_info" text NOT NULL, "query" text NOT NULL, "response" text NOT NULL, "created_at" datetime NOT NULL, "updated_at" datetime NOT NULL, "from_view" varchar(6) NULL, "mp_id" varchar(128) NULL, "option_selection1" varchar(200) NOT NULL, "option_selection2" varchar(200) NOT NULL);
CREATE TABLE IF NOT EXISTS "ecommerce_app_cartorderproduct" ("id" integer NOT NULL PRIMARY KEY AUTOINCREMENT, "invoice_no" varchar(200) NOT NULL, "product_status" varchar(200) NOT NULL, "image" varchar(200) NOT NULL, "quantity" integer NOT NULL, "price" decimal NOT NULL, "total" decimal NOT NULL, "order_id" bigint NOT NULL REFERENCES "ecommerce_app_cartorder" ("id") DEFERRABLE INITIALLY DEFERRED, "item" varchar(200) NOT NULL);
INSERT INTO ecommerce_app_cartorderproduct VALUES(134,'INVOICE_NOkEtuLE16','','/media/uploads/product-03_N9WDzev.jpg',1,49000,49000,1,'Only Check Trouser');
INSERT INTO ecommerce_app_cartorderproduct VALUES(135,'INVOICE_NOkEtuLE16','','/media/uploads/product-04_lMS8J7U.jpg',1,142000,142000,1,'Classic Trench Coat');
INSERT INTO ecommerce_app_cartorderproduct VALUES(136,'INVOICE_NOoXQRwo09','','/media/uploads/product-03_N9WDzev.jpg',1,49000,49000,2,'Only Check Trouser');
INSERT INTO ecommerce_app_cartorderproduct VALUES(137,'INVOICE_NOoXQRwo09','','/media/uploads/product-04_lMS8J7U.jpg',1,142000,142000,2,'Classic Trench Coat');
INSERT INTO ecommerce_app_cartorderproduct VALUES(138,'INVOICE_NOoXQRwo09','','/media/uploads/product-06_XQpcdlk.jpg',1,178000,178000,2,'Vintage Inspired Classic');
INSERT INTO ecommerce_app_cartorderproduct VALUES(139,'INVOICE_NOoXQRwo09','','/media/uploads/product-05_uMrKgcw.jpg',1,66000,66000,2,'Front Pocket Jumper');
INSERT INTO ecommerce_app_cartorderproduct VALUES(140,'INVOICE_NOj40wEXIK','','/media/uploads/product-03_N9WDzev.jpg',1,49000,49000,3,'Only Check Trouser');
INSERT INTO ecommerce_app_cartorderproduct VALUES(141,'INVOICE_NOj40wEXIK','','/media/uploads/product-04_lMS8J7U.jpg',1,142000,142000,3,'Classic Trench Coat');
INSERT INTO ecommerce_app_cartorderproduct VALUES(142,'INVOICE_NOj40wEXIK','','/media/uploads/product-06_XQpcdlk.jpg',1,178000,178000,3,'Vintage Inspired Classic');
INSERT INTO ecommerce_app_cartorderproduct VALUES(143,'INVOICE_NOj40wEXIK','','/media/uploads/product-05_uMrKgcw.jpg',1,66000,66000,3,'Front Pocket Jumper');
INSERT INTO ecommerce_app_cartorderproduct VALUES(144,'INVOICE_NOj40wEXIK','','/media/uploads/product-02_qRNrXWb.jpg',1,68000,68000,3,'Herschel supply');
INSERT INTO ecommerce_app_cartorderproduct VALUES(145,'INVOICE_NOlbj82cRz','','/media/uploads/product-03_N9WDzev.jpg',3,49000,147000,4,'Only Check Trouser');
INSERT INTO ecommerce_app_cartorderproduct VALUES(146,'INVOICE_NOlbj82cRz','','/media/uploads/product-16_VWXUQel.jpg',5,56000,280000,4,'Square Neck Back');
INSERT INTO ecommerce_app_cartorderproduct VALUES(147,'INVOICE_NO3d7CkKl8','','/media/uploads/product-06_XQpcdlk.jpg',3,178000,534000,5,'Vintage Inspired Classic');
INSERT INTO ecommerce_app_cartorderproduct VALUES(148,'INVOICE_NO3d7CkKl8','','/media/uploads/product-07_SXw34uH.jpg',1,100000,100000,5,'Shirt in Stretch Cotton');
INSERT INTO ecommerce_app_cartorderproduct VALUES(149,'INVOICE_NO3d7CkKl8','','/media/uploads/product-08_kWlTM6X.jpg',1,36000,36000,5,'Pieces Metallic Printed');
INSERT INTO ecommerce_app_cartorderproduct VALUES(150,'INVOICE_NOhI09VarB','','/media/uploads/Tudor_Blackramic__41_mm_ceramic_case_ObzNJ2l.jpeg',1,105000,105000,6,'Naviforce Tolures Black Watch');
INSERT INTO ecommerce_app_cartorderproduct VALUES(151,'INVOICE_NOhI09VarB','','/media/uploads/Timex_Waterbury_Legacy_Watch_-_Mens_x1uuGIj.jpeg',1,150000,150000,6,'Nebula Men Watch-Silver');
INSERT INTO ecommerce_app_cartorderproduct VALUES(152,'INVOICE_NOhI09VarB','','/media/uploads/Versace_form_timboots_hot_2023_2_Timboots_Shoes_S1xlStz.jpeg',1,30000,30000,6,'Versace Men Leather');
INSERT INTO ecommerce_app_cartorderproduct VALUES(153,'INVOICE_NOYruwG6Cf','','/media/uploads/product-06_XQpcdlk.jpg',1,178000,178000,7,'Vintage Inspired Classic');
INSERT INTO ecommerce_app_cartorderproduct VALUES(154,'INVOICE_NOYVAHEjB9','','/media/uploads/product-11_X8alEI1.jpg',1,130000,130000,8,'Herschel supply Shirt');
INSERT INTO ecommerce_app_cartorderproduct VALUES(155,'INVOICE_NOYVAHEjB9','','/media/uploads/belt-1_r0Vubmf.jpeg',1,120000,120000,8,'Herschel supply Belt');
INSERT INTO ecommerce_app_cartorderproduct VALUES(156,'INVOICE_NOiYe0zl70','','/media/uploads/product-06_XQpcdlk.jpg',3,178000,534000,9,'Vintage Inspired Classic');
INSERT INTO ecommerce_app_cartorderproduct VALUES(157,'INVOICE_NOiYe0zl70','','/media/uploads/product-07_SXw34uH.jpg',1,100000,100000,9,'Shirt in Stretch Cotton');
INSERT INTO ecommerce_app_cartorderproduct VALUES(158,'INVOICE_NO7BtzU4oz','','/media/uploads/product-06_XQpcdlk.jpg',1,178000,178000,10,'Vintage Inspired Classic');
INSERT INTO ecommerce_app_cartorderproduct VALUES(159,'INVOICE_NO7BtzU4oz','','/media/uploads/product-07_SXw34uH.jpg',1,100000,100000,10,'Shirt in Stretch Cotton');
INSERT INTO ecommerce_app_cartorderproduct VALUES(160,'INVOICE_NO7BtzU4oz','','/media/uploads/product-14_r0ZUgVO.jpg',1,32000,32000,10,'Pretty Little Thing');
INSERT INTO ecommerce_app_cartorderproduct VALUES(161,'INVOICE_NO7BtzU4oz','','/media/uploads/product-15_dcbzIjZ.jpg',1,165000,165000,10,'Mini Silver Mesh Watch');
INSERT INTO ecommerce_app_cartorderproduct VALUES(162,'INVOICE_NOhMcYJGG7','','/media/uploads/product-14_r0ZUgVO.jpg',1,32000,32000,11,'Pretty Little Thing');
INSERT INTO ecommerce_app_cartorderproduct VALUES(163,'INVOICE_NOhMcYJGG7','','/media/uploads/product-15_dcbzIjZ.jpg',1,165000,165000,11,'Mini Silver Mesh Watch');
INSERT INTO ecommerce_app_cartorderproduct VALUES(164,'INVOICE_NOEwd8dx4i','','/media/uploads/product-16_VWXUQel.jpg',1,56000,56000,12,'Square Neck Back');
INSERT INTO ecommerce_app_cartorderproduct VALUES(165,'INVOICE_NOEwd8dx4i','','/media/uploads/product-15_dcbzIjZ.jpg',1,165000,165000,12,'Mini Silver Mesh Watch');
INSERT INTO ecommerce_app_cartorderproduct VALUES(166,'INVOICE_NONixZwpHX','','/media/uploads/product-16_VWXUQel.jpg',1,56000,56000,13,'Square Neck Back');
INSERT INTO ecommerce_app_cartorderproduct VALUES(167,'INVOICE_NONixZwpHX','','/media/uploads/product-15_dcbzIjZ.jpg',1,165000,165000,13,'Mini Silver Mesh Watch');
INSERT INTO ecommerce_app_cartorderproduct VALUES(168,'INVOICE_NOeBC3v1ve','','/media/uploads/product-16_VWXUQel.jpg',1,56000,56000,14,'Square Neck Back');
INSERT INTO ecommerce_app_cartorderproduct VALUES(169,'INVOICE_NOeBC3v1ve','','/media/uploads/product-15_dcbzIjZ.jpg',1,165000,165000,14,'Mini Silver Mesh Watch');
INSERT INTO ecommerce_app_cartorderproduct VALUES(170,'INVOICE_NONr6i2kcQ','','/media/uploads/product-16_VWXUQel.jpg',1,56000,56000,15,'Square Neck Back');
INSERT INTO ecommerce_app_cartorderproduct VALUES(171,'INVOICE_NONr6i2kcQ','','/media/uploads/product-15_dcbzIjZ.jpg',1,165000,165000,15,'Mini Silver Mesh Watch');
INSERT INTO ecommerce_app_cartorderproduct VALUES(172,'INVOICE_NOILi2y6s5','','/media/uploads/product-16_VWXUQel.jpg',1,56000,56000,16,'Square Neck Back');
INSERT INTO ecommerce_app_cartorderproduct VALUES(173,'INVOICE_NOILi2y6s5','','/media/uploads/product-15_dcbzIjZ.jpg',1,165000,165000,16,'Mini Silver Mesh Watch');
INSERT INTO ecommerce_app_cartorderproduct VALUES(174,'INVOICE_NOlz1oknQq','','/media/uploads/product-02_qRNrXWb.jpg',2,68000,136000,17,'Herschel supply');
INSERT INTO ecommerce_app_cartorderproduct VALUES(175,'INVOICE_NOlz1oknQq','','/media/uploads/product-03_N9WDzev.jpg',1,49000,49000,17,'Only Check Trouser');
INSERT INTO ecommerce_app_cartorderproduct VALUES(176,'INVOICE_NOlz1oknQq','','/media/uploads/product-04_lMS8J7U.jpg',1,142000,142000,17,'Classic Trench Coat');
INSERT INTO ecommerce_app_cartorderproduct VALUES(177,'INVOICE_NOdZ2tLxfI','','/media/uploads/product-02_qRNrXWb.jpg',1,68000,68000,18,'Herschel supply');
INSERT INTO ecommerce_app_cartorderproduct VALUES(178,'INVOICE_NOdZ2tLxfI','','/media/uploads/product-03_N9WDzev.jpg',1,49000,49000,18,'Only Check Trouser');
INSERT INTO ecommerce_app_cartorderproduct VALUES(179,'INVOICE_NOL6zAgmRc','','/media/uploads/product-02_qRNrXWb.jpg',4,68000,272000,19,'Herschel supply');
INSERT INTO ecommerce_app_cartorderproduct VALUES(180,'INVOICE_NOL6zAgmRc','','/media/uploads/product-03_N9WDzev.jpg',4,49000,196000,19,'Only Check Trouser');
INSERT INTO ecommerce_app_cartorderproduct VALUES(181,'INVOICE_NOUKljDh2E','','/media/uploads/photo_2025-03-06_10-52-07.jpg',1,150000,150000,20,'High Quality Inverter');
INSERT INTO ecommerce_app_cartorderproduct VALUES(182,'INVOICE_NOB3LOXTh6','','/media/uploads/photo_2025-03-06_10-52-07.jpg',1,150000,150000,21,'High Quality Inverter');
INSERT INTO ecommerce_app_cartorderproduct VALUES(183,'INVOICE_NOaNsYOLkX','','/media/uploads/photo_2025-03-06_10-52-07.jpg',1,150000,150000,22,'High Quality Inverter');
CREATE TABLE IF NOT EXISTS "ecommerce_app_coupon" ("id" integer NOT NULL PRIMARY KEY AUTOINCREMENT, "code" varchar(50) NOT NULL, "discount" integer NOT NULL, "active" bool NOT NULL);
INSERT INTO ecommerce_app_coupon VALUES(1,'CODE1',25,1);
CREATE TABLE IF NOT EXISTS "ecommerce_app_cartorder_coupons" ("id" integer NOT NULL PRIMARY KEY AUTOINCREMENT, "cartorder_id" bigint NOT NULL REFERENCES "ecommerce_app_cartorder" ("id") DEFERRABLE INITIALLY DEFERRED, "coupon_id" bigint NOT NULL REFERENCES "ecommerce_app_coupon" ("id") DEFERRABLE INITIALLY DEFERRED);
INSERT INTO ecommerce_app_cartorder_coupons VALUES(1,2,1);
INSERT INTO ecommerce_app_cartorder_coupons VALUES(4,20,1);
CREATE TABLE IF NOT EXISTS "ecommerce_app_cartorder" ("id" integer NOT NULL PRIMARY KEY AUTOINCREMENT, "price" decimal NOT NULL, "paid_status" bool NOT NULL, "order_date" datetime NOT NULL, "product_status" varchar(30) NULL, "address" varchar(200) NULL, "city" varchar(200) NULL, "country" varchar(200) NULL, "email" varchar(200) NULL, "full_name" varchar(200) NULL, "phone" varchar(200) NULL, "saved" decimal NOT NULL, "shipping_method" varchar(200) NULL, "state" varchar(200) NULL, "stripe_payment_intent" varchar(1000) NULL, "tracking_id" varchar(200) NULL, "tracking_website_address" varchar(200) NULL, "oid" varchar(20) NULL, "sku" varchar(20) NULL, "usd_price" decimal NOT NULL, "user_id" bigint NULL REFERENCES "userauth_user" ("id") DEFERRABLE INITIALLY DEFERRED);
INSERT INTO ecommerce_app_cartorder VALUES(1,191000,0,'2025-02-08 00:45:36.095082','processing','23, Ibadan Express Way, Ota.','3iWucGm8zh','paR1lwVmd7','dMRN3S9yWc','hsU1evOCDR','0119190280',0,NULL,'47BO4Oo0bG',NULL,NULL,NULL,'23155','SKU19685',0,1);
INSERT INTO ecommerce_app_cartorder VALUES(2,326250,0,'2025-02-08 01:24:01.910972','processing','KM. 10 Idiroko Road, Canaan Land, Ota, Ogun State, Nigeria.','Ota','Nigeria','oyiye@gmail.com','Anjelica Oyiye','23456596534',108750,NULL,'Ogun',NULL,NULL,NULL,'50434','SKU96780',203.90999999999999126,1);
INSERT INTO ecommerce_app_cartorder VALUES(3,503000,0,'2025-02-08 05:00:58.015689','processing','23, Ibadan Express Way, Ota.','XZmmYxm7xU','NCmIYsftdH','PuMw8vCHts','gQED6Gc6ga','2108996855',0,NULL,'PNAQPWCKZJ',NULL,NULL,NULL,'65043','SKU23426',314.38000000000001499,1);
INSERT INTO ecommerce_app_cartorder VALUES(4,427000,0,'2025-02-08 09:34:04.623795','processing','23, Ibadan Express Way, Ota.','YJ1f6WgbPZ','NeBfPPoUPG','c8Ukg1O2Wk','Esdgemirto','7408565482',0,NULL,'TMN1fZSwXE',NULL,NULL,NULL,'86278','SKU50316',266.88000000000000611,8);
INSERT INTO ecommerce_app_cartorder VALUES(5,670000,1,'2025-02-08 10:45:23.633467','processing','23, Ibadan Express Way, Ota.','Z6V8BAX0CK','OmqH22Fa6o','nRPzW73K4j','HRMoS6kfgh','9032188660',0,NULL,'tW4DRShBZY',NULL,NULL,NULL,'29618','SKU00662',418.75,8);
INSERT INTO ecommerce_app_cartorder VALUES(6,285000,0,'2025-02-08 10:54:51.743842','processing','23 Main Street','Ota','Nigeria','random@gmail.com','John','23478876543',0,NULL,'Ogun',NULL,NULL,NULL,'44316','SKU78995',178.12999999999998834,8);
INSERT INTO ecommerce_app_cartorder VALUES(7,35600,1,'2025-02-09 23:04:02.088342','shipped','23, Ibadan Express Way, Ota.','fdUMTIzXlB','Xx9U0r6AKO','yi4Mth0VOQ','becESh0QbQ','2595265792',142400,NULL,'4FO5QUeNpZ',NULL,NULL,NULL,'97535','SKU58056',22.250000000000000888,8);
INSERT INTO ecommerce_app_cartorder VALUES(8,50000,0,'2025-02-28 17:41:15.454652','processing','23, Ibadan Express Way, Ota.','EjzhIEEM6V','fIfAWkm1oA','nzho3jmkGb','tSFUDo0GQF','3096539537',200000,NULL,'3N2VmNMcCI',NULL,NULL,NULL,'79196','SKU73002',31.25,1);
INSERT INTO ecommerce_app_cartorder VALUES(9,634000,0,'2025-03-01 06:48:27.007328','processing','23, Ibadan Express Way, Ota.','dLBLtKM505','O28pF3UoDW','fcxwIRXalr','Bhet6kXIjk','0283656463',0,NULL,'4ZCcUL4pFt',NULL,NULL,NULL,'63037','SKU52857',396.25,8);
INSERT INTO ecommerce_app_cartorder VALUES(10,475000,0,'2025-03-01 21:51:57.947434','processing','23, Ibadan Express Way, Ota.','BOMWRJi3rr','6ZvPG7yuZx','90bYopZDJL','SwbMNlbllq','2034057012',0,NULL,'CfOz7toLK0',NULL,NULL,NULL,'37820','SKU04065',296.87999999999998834,8);
INSERT INTO ecommerce_app_cartorder VALUES(11,197000,0,'2025-03-01 21:51:57.947434','processing','23, Ibadan Express Way, Ota.','KlaHIIxdAS','JaMbu7ZgCl','olaleyeolayinka897@gmail.com','hJvCqjaQFq','5499499034',0,NULL,'v4tk2A6Y9I',NULL,NULL,NULL,'22709','SKU90504',123.13000000000000611,8);
INSERT INTO ecommerce_app_cartorder VALUES(12,221000,0,'2025-03-01 21:51:57.947434','processing','KM. 10 Idiroko Road, Canaan Land, Ota, Ogun State, Nigeria.','Ota','Nigeria','olaleyeolayinka897@gmail.com','Inter FromTemu','9032188660',0,NULL,'Ogun',NULL,NULL,NULL,'02178','SKU97751',138.12999999999999722,8);
INSERT INTO ecommerce_app_cartorder VALUES(13,221000,0,'2025-03-01 21:51:57.947434','processing','23, Ibadan Express Way, Ota.','ScafdQUitY','CopiF068Lk','olaleyeolayinka897@gmail.com','2fWe8UCFOI','9266742130',0,NULL,'atwZU0gI0O',NULL,NULL,NULL,'54357','SKU99896',138.12999999999999722,8);
INSERT INTO ecommerce_app_cartorder VALUES(14,221000,1,'2025-03-01 21:51:57.947434','processing','23, Ibadan Express Way, Ota.','JXT5XB6Nwz','5m2xMWnGZX','olaleyeolayinka897@gmail.com','zzr7fJFl4c','4961921564',0,NULL,'wsuKBTrOC6',NULL,NULL,NULL,'48819','SKU39049',138.12999999999999722,8);
INSERT INTO ecommerce_app_cartorder VALUES(15,221000,0,'2025-03-01 21:51:57.947434','processing','23, Ibadan Express Way, Ota.','z6IIb6KeeT','JbbjKLmbXd','olaleyeolayinka897@gmail.com','DcsJiqEuYC','1199720392',0,NULL,'kRIv4MXcJ9',NULL,NULL,NULL,'32472','SKU94194',138.12999999999999722,8);
INSERT INTO ecommerce_app_cartorder VALUES(16,221000,0,'2025-03-03 22:37:31.823321','processing','23, Ibadan Express Way, Ota.','6rYTCi3GDs','exeyoEUSY8','olaleyeolayinka897@gmail.com','2ksCWJCSMs','5441005014',0,NULL,'N0mGWLeozh',NULL,NULL,NULL,'43033','SKU11280',138.12999999999999722,8);
INSERT INTO ecommerce_app_cartorder VALUES(17,327000,1,'2025-03-03 22:37:31.823321','processing','23, Ibadan Express Way, Ota.','d6n2QHy45Y','pRfOgDAVpL','olaleyeolayinka897@gmail.com','yOyYjxk1rk','1051695586',0,NULL,'cdm8nCJ60s',NULL,NULL,NULL,'80429','SKU07564',204.38000000000000611,8);
INSERT INTO ecommerce_app_cartorder VALUES(18,117000,1,'2025-03-03 23:42:06.056516','processing','23, Ibadan Express Way, Ota.','s3L0TwuWHm','7sdUjAaJmM','olaleyeolayinka897@gmail.com','qKDkiyBFT1','3738363063',0,NULL,'OM2FPmbKye',NULL,NULL,NULL,'64863','SKU72707',73.129999999999997228,8);
INSERT INTO ecommerce_app_cartorder VALUES(19,468000,0,'2025-03-04 01:23:33.337280','processing','KM. 10 Idiroko Road, Canaan Land, Ota, Ogun State, Nigeria.','Ota','Nigeria','olaleyeolayinka897@gmail.com','Olayinka Olaleye','9032188660',0,NULL,'Lagos',NULL,NULL,NULL,'97199','SKU37987',292.49999999999998223,8);
INSERT INTO ecommerce_app_cartorder VALUES(20,112500,0,'2025-03-06 10:47:13.952490','processing','123 Street','Ota','Nigeria','olaleyeolayinka897@gmail.com','Keneddy Jhn Osita','123 Street',37500,NULL,'Lagos',NULL,NULL,NULL,'05665','SKU10853',70.319999999999991402,1);
INSERT INTO ecommerce_app_cartorder VALUES(21,150000,0,'2025-03-06 10:47:13.952490','processing','KM. 10 Idiroko Road, Canaan Land, Ota, Ogun State, Nigeria.','Ota','Nigeria','olaleyeolayinka897@gmail.com','John ','9032188660',0,NULL,'Ogun',NULL,NULL,NULL,'01287','SKU33695',93.75,1);
INSERT INTO ecommerce_app_cartorder VALUES(22,150000,1,'2025-03-06 10:47:13.952490','processing','19 Kayode Oladimeji Street','Ojokoro','Nigeria','olaleyeolayinka897@gmail.com','Olayinka Olaleye','9032188660',0,NULL,'Lagos',NULL,NULL,NULL,'82779','SKU63956',93.75,1);
CREATE TABLE IF NOT EXISTS "ecommerce_app_contact" ("id" integer NOT NULL PRIMARY KEY AUTOINCREMENT, "name" varchar(225) NOT NULL, "email" varchar(254) NOT NULL, "subject" varchar(200) NOT NULL, "message" text NOT NULL, "created_at" datetime NOT NULL, "updated_at" datetime NOT NULL);
INSERT INTO ecommerce_app_contact VALUES(1,'Olayinka','olaleyeolayinka897@gmail.com','Complaint','o xl','2025-01-30 02:43:54.144037','2025-01-30 02:43:54.144037');
INSERT INTO ecommerce_app_contact VALUES(2,'Olaleye Olayinka','olaleyeolayinka897@gmail.com','Enquiry','Is the contact form working','2025-01-30 02:43:54.144037','2025-01-30 02:43:54.144037');
CREATE TABLE IF NOT EXISTS "ecommerce_app_review" ("id" integer NOT NULL PRIMARY KEY AUTOINCREMENT, "review" text NOT NULL, "created_at" datetime NOT NULL, "product_id" bigint NULL REFERENCES "ecommerce_app_product" ("id") DEFERRABLE INITIALLY DEFERRED, "rating" integer NOT NULL, "user_id" bigint NULL REFERENCES "userauth_user" ("id") DEFERRABLE INITIALLY DEFERRED, "updated_at" datetime NOT NULL);
INSERT INTO ecommerce_app_review VALUES(17,'96UUSq2t5V','2025-03-01 01:43:32.275776',1,4,1,'2025-03-01 01:43:32.275776');
INSERT INTO ecommerce_app_review VALUES(18,'kcjnc5fb3n','2025-03-01 01:43:32.275776',15,4,1,'2025-03-01 01:43:32.275776');
INSERT INTO ecommerce_app_review VALUES(19,'YfYM7kjbW5','2025-03-01 01:43:32.275776',5,4,1,'2025-03-01 01:43:32.275776');
INSERT INTO ecommerce_app_review VALUES(20,'o6ivLFqeH7','2025-03-01 01:43:32.275776',4,4,1,'2025-03-01 01:43:32.275776');
INSERT INTO ecommerce_app_review VALUES(21,'VAaWLcgah7','2025-03-01 01:43:32.275776',2,4,1,'2025-03-01 01:43:32.275776');
INSERT INTO ecommerce_app_review VALUES(22,'TZtvSRO7Ps','2025-03-01 01:43:32.275776',16,4,1,'2025-03-01 01:43:32.275776');
DELETE FROM sqlite_sequence;
INSERT INTO sqlite_sequence VALUES('django_migrations',48);
INSERT INTO sqlite_sequence VALUES('django_content_type',19);
INSERT INTO sqlite_sequence VALUES('auth_permission',76);
INSERT INTO sqlite_sequence VALUES('auth_group',0);
INSERT INTO sqlite_sequence VALUES('django_admin_log',171);
INSERT INTO sqlite_sequence VALUES('userauth_user',8);
INSERT INTO sqlite_sequence VALUES('ecommerce_app_category',7);
INSERT INTO sqlite_sequence VALUES('ecommerce_app_product',26);
INSERT INTO sqlite_sequence VALUES('userauth_user_user_permissions',1);
INSERT INTO sqlite_sequence VALUES('paypal_ipn',0);
INSERT INTO sqlite_sequence VALUES('ecommerce_app_cartorderproduct',183);
INSERT INTO sqlite_sequence VALUES('ecommerce_app_address',4);
INSERT INTO sqlite_sequence VALUES('ecommerce_app_wishlist',46);
INSERT INTO sqlite_sequence VALUES('ecommerce_app_coupon',2);
INSERT INTO sqlite_sequence VALUES('ecommerce_app_cartorder_coupons',4);
INSERT INTO sqlite_sequence VALUES('ecommerce_app_cartorder',22);
INSERT INTO sqlite_sequence VALUES('ecommerce_app_contact',2);
INSERT INTO sqlite_sequence VALUES('ecommerce_app_review',22);
CREATE UNIQUE INDEX "django_content_type_app_label_model_76bd3d3b_uniq" ON "django_content_type" ("app_label", "model");
CREATE UNIQUE INDEX "auth_group_permissions_group_id_permission_id_0cd325b0_uniq" ON "auth_group_permissions" ("group_id", "permission_id");
CREATE INDEX "auth_group_permissions_group_id_b120cbf9" ON "auth_group_permissions" ("group_id");
CREATE INDEX "auth_group_permissions_permission_id_84c5c92e" ON "auth_group_permissions" ("permission_id");
CREATE UNIQUE INDEX "auth_permission_content_type_id_codename_01ab375a_uniq" ON "auth_permission" ("content_type_id", "codename");
CREATE INDEX "auth_permission_content_type_id_2f476e4b" ON "auth_permission" ("content_type_id");
CREATE UNIQUE INDEX "userauth_user_groups_user_id_group_id_46e5f227_uniq" ON "userauth_user_groups" ("user_id", "group_id");
CREATE INDEX "userauth_user_groups_user_id_4e653733" ON "userauth_user_groups" ("user_id");
CREATE INDEX "userauth_user_groups_group_id_248add28" ON "userauth_user_groups" ("group_id");
CREATE UNIQUE INDEX "userauth_user_user_permissions_user_id_permission_id_ce5f9d7d_uniq" ON "userauth_user_user_permissions" ("user_id", "permission_id");
CREATE INDEX "userauth_user_user_permissions_user_id_e644b2fd" ON "userauth_user_user_permissions" ("user_id");
CREATE INDEX "userauth_user_user_permissions_permission_id_f1415beb" ON "userauth_user_user_permissions" ("permission_id");
CREATE INDEX "django_admin_log_content_type_id_c4bce8eb" ON "django_admin_log" ("content_type_id");
CREATE INDEX "django_admin_log_user_id_c564eba6" ON "django_admin_log" ("user_id");
CREATE INDEX "django_session_expire_date_a5c62663" ON "django_session" ("expire_date");
CREATE INDEX "ecommerce_app_blog_author_id_8155eeef" ON "ecommerce_app_blog" ("author_id");
CREATE INDEX "ecommerce_app_product_category_id_1fa78d30" ON "ecommerce_app_product" ("category_id");
CREATE INDEX "ecommerce_app_address_user_id_59d443f3" ON "ecommerce_app_address" ("user_id");
CREATE INDEX "ecommerce_app_cartorderitem_order_id_02ff3b9e" ON "ecommerce_app_cartorderitem" ("order_id");
CREATE INDEX "ecommerce_app_seller_user_id_79d6b896" ON "ecommerce_app_seller" ("user_id");
CREATE INDEX "ecommerce_app_wishlist_product_id_25d298f2" ON "ecommerce_app_wishlist" ("product_id");
CREATE INDEX "ecommerce_app_wishlist_user_id_2b1eeadc" ON "ecommerce_app_wishlist" ("user_id");
CREATE INDEX "paypal_ipn_txn_id_8fa22c44" ON "paypal_ipn" ("txn_id");
CREATE INDEX "ecommerce_app_cartorderproduct_order_id_95b7ef6c" ON "ecommerce_app_cartorderproduct" ("order_id");
CREATE UNIQUE INDEX "ecommerce_app_cartorder_coupons_cartorder_id_coupon_id_109f4a2c_uniq" ON "ecommerce_app_cartorder_coupons" ("cartorder_id", "coupon_id");
CREATE INDEX "ecommerce_app_cartorder_coupons_cartorder_id_3888b545" ON "ecommerce_app_cartorder_coupons" ("cartorder_id");
CREATE INDEX "ecommerce_app_cartorder_coupons_coupon_id_51593e44" ON "ecommerce_app_cartorder_coupons" ("coupon_id");
CREATE INDEX "ecommerce_app_cartorder_user_id_f83afe23" ON "ecommerce_app_cartorder" ("user_id");
CREATE INDEX "ecommerce_app_review_product_id_ff12ff9a" ON "ecommerce_app_review" ("product_id");
CREATE INDEX "ecommerce_app_review_user_id_fee170ea" ON "ecommerce_app_review" ("user_id");
COMMIT;
